id,createdAt,sensitive,updatedAt,realUpdatedAt,locale,title,slug,abstract,seoTitle,articleType,metaDescription,displayTitle,socialShareTitle,contentType,darkModeOnly,isProtected,leadsourceType,isExclusiveArticle,displayPrimaryTag,richArticle,canonicalUrl,mediaIcon,socialShareImage_title,socialShareImage_path,socialShareImage_url,socialShareImage_public_id,socialShareImage_raw_transformation,socialShareImage_width,socialShareImage_height,displayThumbnail_image_title,displayThumbnail_image_path,displayThumbnail_image_url,displayThumbnail_image_public_id,displayThumbnail_image_raw_transformation,displayThumbnail_image_width,displayThumbnail_image_height,displayThumbnail_isLogo,hero_contentType,hero_gallery_count,hero_gallery_serialized_json,hero_gallery_first_image_title,hero_gallery_first_image_path,hero_gallery_first_image_url,hero_gallery_first_image_public_id,hero_gallery_first_image_raw_transformation,hero_gallery_first_image_width,hero_gallery_first_image_height,body_combined_text,body_serialized_json,tags_comma_separated,tags_serialized_json
32fxSmyak7QxPg6NRcR6ld,2026-05-16T11:00:36.814Z,False,2026-05-16T11:00:36.814Z,2026-05-16T11:00:39.025Z,en,GALLERY: Sainz completes the first laps at the brand-new Madring,gallery-sainz-completes-the-first-laps-at-the-brand-new-madring,"Williams’ Carlos Sainz was given the chance to drive the Madring ahead of F1’s long-awaited return to Madrid for September’s Spanish Grand Prix.
",GALLERY: Williams' Carlos Sainz completes the first laps at the brand-new Madring in Madrid,Image Gallery,"Williams’ Carlos Sainz was given the chance to drive the Madring ahead of F1’s long-awaited return to Madrid for September’s Spanish Grand Prix.
",GALLERY: Sainz completes the first laps at the Madring,GALLERY: Sainz completes the first laps at the Madring,article,False,False,Article,False,False,False,https://www.formula1.com/en/latest/article/gallery-sainz-completes-the-first-laps-at-the-brand-new-madring.32fxSmyak7QxPg6NRcR6ld,Image Gallery,JLATH-8355.jpg,/fom-website/2026/Williams/Sainz Madring lap/JLATH-8355.jpg,https://media.formula1.com/image/upload/t_16by9Centre/f_auto/q_auto/v1778833411/fom-website/2026/Williams/Sainz%20Madring%20lap/JLATH-8355.jpg,fom-website/2026/Williams/Sainz Madring lap/JLATH-8355,t_16by9Centre/f_auto/q_auto,5732,3224,JLATH-7775.jpg,/fom-website/2026/Williams/Sainz Madring lap/JLATH-7775.jpg,https://media.formula1.com/image/upload/t_16by9Centre/f_auto/q_auto/v1778833405/fom-website/2026/Williams/Sainz%20Madring%20lap/JLATH-7775.jpg,fom-website/2026/Williams/Sainz Madring lap/JLATH-7775,t_16by9Centre/f_auto/q_auto,4666,2625,False,atomImageGallery,11,"[{""title"": ""JLATH-8355.jpg"", ""path"": ""/fom-website/2026/Williams/Sainz Madring lap/JLATH-8355.jpg"", ""url"": ""https://media.formula1.com/image/upload/t_16by9Centre/f_auto/q_auto/v1778833411/fom-website/2026/Williams/Sainz%20Madring%20lap/JLATH-8355.jpg"", ""public_id"": ""fom-website/2026/Williams/Sainz Madring lap/JLATH-8355"", ""raw_transformation"": ""t_16by9Centre/f_auto/q_auto"", ""width"": 5732, ""height"": 3224}, {""title"": ""JLATH-7681.jpg"", ""path"": ""/fom-website/2026/Williams/Sainz Madring lap/JLATH-7681.jpg"", ""url"": ""https://media.formula1.com/image/upload/f_auto/q_auto/v1778833415/fom-website/2026/Williams/Sainz%20Madring%20lap/JLATH-7681.jpg"", ""public_id"": ""fom-website/2026/Williams/Sainz Madring lap/JLATH-7681"", ""raw_transformation"": ""f_auto/q_auto"", ""width"": 5473, ""height"": 3079}, {""title"": ""JLATH-8226.jpg"", ""path"": ""/fom-website/2026/Williams/Sainz Madring lap/JLATH-8226.jpg"", ""url"": ""https://media.formula1.com/image/upload/f_auto/q_auto/v1778833417/fom-website/2026/Williams/Sainz%20Madring%20lap/JLATH-8226.jpg"", ""public_id"": ""fom-website/2026/Williams/Sainz Madring lap/JLATH-8226"", ""raw_transformation"": ""f_auto/q_auto"", ""width"": 6651, ""height"": 3741}, {""title"": ""JLATH-7334.jpg"", ""path"": ""/fom-website/2026/Williams/Sainz Madring lap/JLATH-7334.jpg"", ""url"": ""https://media.formula1.com/image/upload/f_auto/q_auto/v1778836646/fom-website/2026/Williams/Sainz%20Madring%20lap/JLATH-7334.jpg"", ""public_id"": ""fom-website/2026/Williams/Sainz Madring lap/JLATH-7334"", ""raw_transformation"": ""f_auto/q_auto"", ""width"": 5464, ""height"": 8192}, {""title"": ""JLATH-7775.jpg"", ""path"": ""/fom-website/2026/Williams/Sainz Madring lap/JLATH-7775.jpg"", ""url"": ""https://media.formula1.com/image/upload/f_auto/q_auto/v1778833405/fom-website/2026/Williams/Sainz%20Madring%20lap/JLATH-7775.jpg"", ""public_id"": ""fom-website/2026/Williams/Sainz Madring lap/JLATH-7775"", ""raw_transformation"": ""f_auto/q_auto"", ""width"": 4666, ""height"": 2625}, {""title"": ""JLATH-8040.jpg"", ""path"": ""/fom-website/2026/Williams/Sainz Madring lap/JLATH-8040.jpg"", ""url"": ""https://media.formula1.com/image/upload/f_auto/q_auto/v1778836631/fom-website/2026/Williams/Sainz%20Madring%20lap/JLATH-8040.jpg"", ""public_id"": ""fom-website/2026/Williams/Sainz Madring lap/JLATH-8040"", ""raw_transformation"": ""f_auto/q_auto"", ""width"": 5464, ""height"": 7285}, {""title"": ""JLATH-8245.jpg"", ""path"": ""/fom-website/2026/Williams/Sainz Madring lap/JLATH-8245.jpg"", ""url"": ""https://media.formula1.com/image/upload/f_auto/q_auto/v1778833416/fom-website/2026/Williams/Sainz%20Madring%20lap/JLATH-8245.jpg"", ""public_id"": ""fom-website/2026/Williams/Sainz Madring lap/JLATH-8245"", ""raw_transformation"": ""f_auto/q_auto"", ""width"": 5990, ""height"": 3369}, {""title"": ""JLATH-7798.jpg"", ""path"": ""/fom-website/2026/Williams/Sainz Madring lap/JLATH-7798.jpg"", ""url"": ""https://media.formula1.com/image/upload/f_auto/q_auto/v1778836624/fom-website/2026/Williams/Sainz%20Madring%20lap/JLATH-7798.jpg"", ""public_id"": ""fom-website/2026/Williams/Sainz Madring lap/JLATH-7798"", ""raw_transformation"": ""f_auto/q_auto"", ""width"": 4098, ""height"": 5464}, {""title"": ""4x5%20F1%20template%20-%202026-05-15T162637.060.png"", ""path"": ""/fom-website/2026/Williams/Sainz Madring lap/4x5 F1 template - 2026-05-15T162637.060.png"", ""url"": ""https://media.formula1.com/image/upload/f_auto/q_auto/v1778858830/fom-website/2026/Williams/Sainz%20Madring%20lap/4x5%20F1%20template%20-%202026-05-15T162637.060.png"", ""public_id"": ""fom-website/2026/Williams/Sainz Madring lap/4x5 F1 template - 2026-05-15T162637.060"", ""raw_transformation"": ""f_auto/q_auto"", ""width"": 1080, ""height"": 1350}, {""title"": ""JLATH-7693.jpg"", ""path"": ""/fom-website/2026/Williams/Sainz Madring lap/JLATH-7693.jpg"", ""url"": ""https://media.formula1.com/image/upload/f_auto/q_auto/v1778858871/fom-website/2026/Williams/Sainz%20Madring%20lap/JLATH-7693.jpg"", ""public_id"": ""fom-website/2026/Williams/Sainz Madring lap/JLATH-7693"", ""raw_transformation"": ""f_auto/q_auto"", ""width"": 6097, ""height"": 4067}, {""title"": ""4x5%20F1%20template%20-%202026-05-15T163027.176.png"", ""path"": ""/fom-website/2026/Williams/Sainz Madring lap/4x5 F1 template - 2026-05-15T163027.176.png"", ""url"": ""https://media.formula1.com/image/upload/f_auto/q_auto/v1778859045/fom-website/2026/Williams/Sainz%20Madring%20lap/4x5%20F1%20template%20-%202026-05-15T163027.176.png"", ""public_id"": ""fom-website/2026/Williams/Sainz Madring lap/4x5 F1 template - 2026-05-15T163027.176"", ""raw_transformation"": ""f_auto/q_auto"", ""width"": 1080, ""height"": 1350}]",JLATH-8355.jpg,/fom-website/2026/Williams/Sainz Madring lap/JLATH-8355.jpg,https://media.formula1.com/image/upload/t_16by9Centre/f_auto/q_auto/v1778833411/fom-website/2026/Williams/Sainz%20Madring%20lap/JLATH-8355.jpg,fom-website/2026/Williams/Sainz Madring lap/JLATH-8355,t_16by9Centre/f_auto/q_auto,5732,3224,"__Carlos Sainz got a taste of the new purpose-built Madring in Spain’s capital city, completing a lap ahead of the circuit’s debut for the Spanish Grand Prix scheduled for September.__

Combining permanent sections of track with public roads, the [Madring](https://www.formula1.com/en/racing/2026/spain) joins the F1 calendar for the first time in 2026 and will offer another exhilarating spectacle for drivers and fans alike.

[Williams](https://www.formula1.com/en/teams/williams) driver [Sainz](https://www.formula1.com/en/drivers/carlos-sainz) – who was born in Madrid – recently experienced what it’s like to drive the circuit, which features the aptly named banked turn ‘La Monumental’. With a 24% banking gradient surrounded by grandstands set to be full of spectators, this half-kilometre section is just one of the Madring’s electrifying challenges.

To check out the best photos from Sainz’s laps of the new circuit, click through the gallery at the top of the page. ","[{""contentType"": ""atomRichText"", ""fields"": {""richTextBlock"": ""__Carlos Sainz got a taste of the new purpose-built Madring in Spain\u2019s capital city, completing a lap ahead of the circuit\u2019s debut for the Spanish Grand Prix scheduled for September.__\n\nCombining permanent sections of track with public roads, the [Madring](https://www.formula1.com/en/racing/2026/spain) joins the F1 calendar for the first time in 2026 and will offer another exhilarating spectacle for drivers and fans alike.\n\n[Williams](https://www.formula1.com/en/teams/williams) driver [Sainz](https://www.formula1.com/en/drivers/carlos-sainz) \u2013 who was born in Madrid \u2013 recently experienced what it\u2019s like to drive the circuit, which features the aptly named banked turn \u2018La Monumental\u2019. With a 24% banking gradient surrounded by grandstands set to be full of spectators, this half-kilometre section is just one of the Madring\u2019s electrifying challenges.\n\nTo check out the best photos from Sainz\u2019s laps of the new circuit, click through the gallery at the top of the page. ""}}]","Carlos Sainz, Williams, Spain, 2026","[{""id"": ""699bpqs9Fe0uEOea2y0w8i"", ""tagName"": ""Carlos Sainz"", ""tagGroup"": ""Driver - Current""}, {""id"": ""SPHhgHqWWG8mYq8eewsQU"", ""tagName"": ""Williams"", ""tagGroup"": ""Team - Current""}, {""id"": ""wLZjc3L09qs04UG2ye8Gu"", ""tagName"": ""Spain"", ""tagGroup"": ""Race - Current""}, {""id"": ""5TppklcnBMKv6j5ccPjaaa"", ""tagName"": ""2026"", ""tagGroup"": ""Year""}]"
