id,createdAt,sensitive,updatedAt,realUpdatedAt,locale,title,slug,abstract,seoTitle,articleType,metaDescription,displayTitle,socialShareTitle,contentType,darkModeOnly,isProtected,leadsourceType,isExclusiveArticle,displayPrimaryTag,richArticle,canonicalUrl,socialShareImage_title,socialShareImage_path,socialShareImage_url,socialShareImage_public_id,socialShareImage_raw_transformation,socialShareImage_width,socialShareImage_height,hero_contentType,hero_image_title,hero_image_path,hero_image_url,hero_image_public_id,hero_image_raw_transformation,hero_image_width,hero_image_height,hero_isLogo,body_combined_text,body_serialized_json,tags_comma_separated,tags_serialized_json
2A67N47ntcdQbKhHOd7GdD,2026-05-18T11:26:54.784Z,False,2026-05-18T11:26:54.784Z,2026-05-18T11:26:57.168Z,en,EXPLAINED: What is F1’s ‘ADUO’ engine upgrade system – and how will it work?,explained-what-is-f1s-aduo-engine-upgrade-system-and-how-will-it-work,F1.com runs through a new development mechanism available to power unit manufacturers from the 2026 season.,EXPLAINED: What is F1’s ‘ADUO’ engine upgrade system – and how will it work?,Feature,"To encourage close competition, F1’s Technical Regulations for 2026 and beyond will allow manufacturers to make updates to their homologated power units – in specific situations – under a new development mechanism. But what is the so-called ‘ADUO’, and how does it work? F1.com presents an all-in-one explainer… ",What is F1’s ‘ADUO’ engine upgrade system?,What is F1’s ‘ADUO’ engine upgrade system?,article,False,False,Article,False,False,False,https://www.formula1.com/en/latest/article/explained-what-is-f1s-aduo-engine-upgrade-system-and-how-will-it-work.2A67N47ntcdQbKhHOd7GdD,GettyImages-2266409165-1.png,/fom-website/2026/Miscellaneous/GettyImages-2266409165-1.png,https://media.formula1.com/image/upload/t_16by9Centre/f_auto/q_auto/v1779094707/fom-website/2026/Miscellaneous/GettyImages-2266409165-1.png,fom-website/2026/Miscellaneous/GettyImages-2266409165-1,t_16by9Centre/f_auto/q_auto,1920,1080,atomImage,GettyImages-2266409165-1.png,/fom-website/2026/Miscellaneous/GettyImages-2266409165-1.png,https://media.formula1.com/image/upload/f_auto/q_auto/v1779094707/fom-website/2026/Miscellaneous/GettyImages-2266409165-1.png,fom-website/2026/Miscellaneous/GettyImages-2266409165-1,f_auto/q_auto,1920,1080,False,"__To encourage close competition, F1’s Technical Regulations for 2026 and beyond will allow manufacturers to make updates to their homologated power units – in specific situations – under a new development mechanism. But what is the so-called ‘ADUO’, and how does it work? F1.com presents an all-in-one explainer…__

### What does ‘ADUO’ mean?

First up, ‘ADUO’ stands for ‘Additional Development and Upgrade Opportunities’.

During specific periods of each F1 season from 2026 to 2030, covering the sport’s [latest power unit cycle](https://www.formula1.com/en/latest/article/2026-regulations-explained-all-you-need-to-know-about-f1s-new-power-units.14jfv7a36905uDJDdNyfQd), governing body the [FIA](https://www.fia.com/) will monitor each manufacturer’s Internal Combustion Engine (ICE) performance, in turn creating an ‘ICE Performance Index’.

Various factors are considered, spanning engine speed, input shaft torque and MGU-K (Motor Generator Unit - Kinetic) power, as well as a weighting for power sensitivity on lap time across measured laps.

As the ADUO assessment focuses on the ICE alone, the FIA admits it is not representative of full power unit performance, given that the ERS (Energy Recovery System) also plays a crucial role in the overall power output.

[Image: F1 introduced new cars and new power units for the 2026 season]

### When does ADUO come into play?

In short, when a power unit manufacturer’s ICE is 2% or more behind the best-performing engine in the Performance Index, ADUO is granted.

As set out in Article 4.3 of Appendix C5 of the 2026 F1 Technical Regulations, if a manufacturer’s power unit is at least 2% but less than 4% down on the leading ICE, they will be eligible for one additional homologation upgrade in the current season, and an additional upgrade in the following season. 

Power unit manufacturers whose Performance Index is at least 4% below the leading ICE will be eligible for two additional upgrades in the current season, and two more during the following season.

[Link: All you need to know about F1’s new power units]

### When are the monitoring periods?

Under Article 4.2 of Appendix C5 of the 2026 F1 Technical Regulations, there are three periods during the 2026 season when power unit manufacturers’ ICE performance will be monitored.

These three periods were initially listed as Rounds 1-6, 7-12 and 13-18.

However, given that the first period – including the Australian, Chinese, Japanese, Bahrain, Saudi Arabian and Miami Grands Prix – was affected by the Sakhir and Jeddah events not taking place, adjustments followed.

[Image: Power unit performance in 2026 will be monitored across three set periods]

The first period is now formed of the campaign’s opening five rounds (Australia, China, Japan, Miami and Canada), with results to be communicated no later than two weeks after the Canadian Grand Prix.

The second period will cover Rounds 6-11 (from Monaco to Hungary), while the third period will cover Rounds 12-18 (from the Netherlands to Mexico City).

Once results have been communicated, power unit manufacturers eligible for ADUO will receive notifications detailing their allowance, and will be able to implement any upgrades as early as the following race. 

[Video: The ultimate guide to the 2026 F1 cars]

### What upgrades can be made?

Once ADUO comes into play, developments can be applied to a range of power unit components.

As per the FIA’s list, permitted upgrades include elements of the ICE, engine exhaust system, Turbocharger and waste gate/pop-off, ICE- or exhaust-mounted electrical components and sensors, ERS (and associated cooling systems), the MGU-K, and the car’s Control Electronics, along with hydraulic functions, fluids and ballast.

ADUO upgrades are not cumulative within a season, and will only be granted on the first occasion a manufacturer is deemed as eligible to make developments.

Meanwhile, any upgrade not used in a specified season will be forfeited. So, if a manufacturer is granted one upgrade for 2026 and one upgrade for 2027, the 2026 upgrade must be introduced before the end of that season, or it will be forfeited, while the upgrade for 2027 remains valid.

[Link: Proposals agreed in principle for further evolutionary changes to 2026 regulations]

### What about F1’s cost cap?

Since 2021, teams’ annual spends have been controlled under [the F1 cost cap](https://www.formula1.com/en/latest/article/explained-what-is-the-f1-cost-cap-and-why-has-it-gone-up.2tYtDIe5SbE5utjThctBT3).

As such, questions have arisen over how the ADUO will work under such restrictions – but FIA Single Seater Director Nikolas Tombazis moved to allay concerns.

“It’s important to make clear that ADUO is not a kind of balance of performance mechanism,” he commented. “A team or manufacturer will not suddenly get greater fuel flow rate or more or less ballast.

“It is, in fact, a cost cap relief mechanism, where a PU manufacturer meeting ADUO criteria during a review period is given an opportunity to develop its engine through a downward adjustment.

[Image: The FIA’s Tombazis has described ADUO as “a cost cap relief mechanism”]

“That’s not to underestimate it, but a manufacturer will still need to make the best engine in order to win. It’s not a magic bullet, or like the FIA is handing out brownie points to somebody who’s behind. It simply provides them with leeway to develop their power unit within the framework laid out by the Technical Regulations.”

Article E4.1.1.t of the 2026 Formula 1 Regulations sets out the positive impacts of the ADUO on power unit manufacturers’ expenditure.

Every manufacturer sitting 2-4% behind will get allowances up to USD $3.0 million; from 4-6% behind they will get up to USD $4.65m; from 6-8% they will get up to USD $6.35m; and from 8%-10% they will get up to USD $8m.

Manufacturers with a deficit of 10% or more will get an allowance for each ADUO period of up to USD $11m and, in 2026 only, further support might be offered.

[Promotion: Don't miss your chance to experience the world's most famous street circuit...]","[{""contentType"": ""atomRichText"", ""fields"": {""richTextBlock"": ""__To encourage close competition, F1\u2019s Technical Regulations for 2026 and beyond will allow manufacturers to make updates to their homologated power units \u2013 in specific situations \u2013 under a new development mechanism. But what is the so-called \u2018ADUO\u2019, and how does it work? F1.com presents an all-in-one explainer\u2026__\n\n### What does \u2018ADUO\u2019 mean?\n\nFirst up, \u2018ADUO\u2019 stands for \u2018Additional Development and Upgrade Opportunities\u2019.\n\nDuring specific periods of each F1 season from 2026 to 2030, covering the sport\u2019s [latest power unit cycle](https://www.formula1.com/en/latest/article/2026-regulations-explained-all-you-need-to-know-about-f1s-new-power-units.14jfv7a36905uDJDdNyfQd), governing body the [FIA](https://www.fia.com/) will monitor each manufacturer\u2019s Internal Combustion Engine (ICE) performance, in turn creating an \u2018ICE Performance Index\u2019.""}}, {""contentType"": ""atomRichText"", ""fields"": {""richTextBlock"": ""Various factors are considered, spanning engine speed, input shaft torque and MGU-K (Motor Generator Unit - Kinetic) power, as well as a weighting for power sensitivity on lap time across measured laps.\n\nAs the ADUO assessment focuses on the ICE alone, the FIA admits it is not representative of full power unit performance, given that the ERS (Energy Recovery System) also plays a crucial role in the overall power output.""}}, {""contentType"": ""atomImage"", ""fields"": {""caption"": ""F1 introduced new cars and new power units for the 2026 season"", ""image"": {""title"": ""2026_Explainer_FIA_Rear_3_4_1920x1080.avif"", ""path"": ""/fom-website/Unlocked2026/2026_Explainer_FIA_Rear_3_4_1920x1080.avif"", ""url"": ""https://media.formula1.com/image/upload/f_auto/q_auto/v1773657168/fom-website/Unlocked2026/2026_Explainer_FIA_Rear_3_4_1920x1080.avif"", ""public_id"": ""fom-website/Unlocked2026/2026_Explainer_FIA_Rear_3_4_1920x1080"", ""raw_transformation"": ""f_auto/q_auto"", ""width"": 1920, ""height"": 1080}, ""isLogo"": false}}, {""contentType"": ""atomRichText"", ""fields"": {""richTextBlock"": ""### When does ADUO come into play?\n\nIn short, when a power unit manufacturer\u2019s ICE is 2% or more behind the best-performing engine in the Performance Index, ADUO is granted.\n\nAs set out in Article 4.3 of Appendix C5 of the 2026 F1 Technical Regulations, if a manufacturer\u2019s power unit is at least 2% but less than 4% down on the leading ICE, they will be eligible for one additional homologation upgrade in the current season, and an additional upgrade in the following season. \n\nPower unit manufacturers whose Performance Index is at least 4% below the leading ICE will be eligible for two additional upgrades in the current season, and two more during the following season.""}}, {""contentType"": ""linkItem"", ""fields"": {""title"": ""All you need to know about F1\u2019s new power units"", ""webUrl"": ""https://www.formula1.com/en/latest/article/2026-regulations-explained-all-you-need-to-know-about-f1s-new-power-units.14jfv7a36905uDJDdNyfQd"", ""openInNewTab"": false}}, {""contentType"": ""atomRichText"", ""fields"": {""richTextBlock"": ""### When are the monitoring periods?\n\nUnder Article 4.2 of Appendix C5 of the 2026 F1 Technical Regulations, there are three periods during the 2026 season when power unit manufacturers\u2019 ICE performance will be monitored.\n\nThese three periods were initially listed as Rounds 1-6, 7-12 and 13-18.\n\nHowever, given that the first period \u2013 including the Australian, Chinese, Japanese, Bahrain, Saudi Arabian and Miami Grands Prix \u2013 was affected by the Sakhir and Jeddah events not taking place, adjustments followed.""}}, {""contentType"": ""atomImage"", ""fields"": {""caption"": ""Power unit performance in 2026 will be monitored across three set periods"", ""image"": {""title"": ""SUZUKA, JAPAN - MARCH 29: Oscar Piastri of Australia driving the (81) McLaren MCL40 Mercedes leads"", ""path"": ""/trackside-images/2026/F1_Grand_Prix_Of_Japan/2268866894.jpg"", ""url"": ""https://media.formula1.com/image/upload/t_16by9North/f_auto/q_auto/v1774762016/trackside-images/2026/F1_Grand_Prix_Of_Japan/2268866894.jpg"", ""public_id"": ""trackside-images/2026/F1_Grand_Prix_Of_Japan/2268866894"", ""raw_transformation"": ""t_16by9North/f_auto/q_auto"", ""width"": 3277, ""height"": 2184}, ""isLogo"": false}}, {""contentType"": ""atomRichText"", ""fields"": {""richTextBlock"": ""The first period is now formed of the campaign\u2019s opening five rounds (Australia, China, Japan, Miami and Canada), with results to be communicated no later than two weeks after the Canadian Grand Prix.\n\nThe second period will cover Rounds 6-11 (from Monaco to Hungary), while the third period will cover Rounds 12-18 (from the Netherlands to Mexico City).\n\nOnce results have been communicated, power unit manufacturers eligible for ADUO will receive notifications detailing their allowance, and will be able to implement any upgrades as early as the following race. ""}}, {""contentType"": ""atomVideo"", ""fields"": {""caption"": ""The ultimate guide to the 2026 F1 cars"", ""videoId"": ""1858214949253929518"", ""videoDuration"": ""11:16"", ""videoDurationInSeconds"": 676, ""isProtected"": false, ""thumbnail"": {""title"": ""The ultimate guide to the 2026 F1 cars"", ""path"": ""https://d2n9h2wits23hf.cloudfront.net/image/v1/static/6057949432001/eec9c487-26d2-488b-85b6-916588ae16cb/b1f52d04-5224-484a-a491-09e9060840b6/640x360/match/image.jpg"", ""url"": ""https://d2n9h2wits23hf.cloudfront.net/image/v1/static/6057949432001/eec9c487-26d2-488b-85b6-916588ae16cb/b1f52d04-5224-484a-a491-09e9060840b6/640x360/match/image.jpg"", ""renditions"": {""2col"": ""https://d2n9h2wits23hf.cloudfront.net/image/v1/static/6057949432001/eec9c487-26d2-488b-85b6-916588ae16cb/b1f52d04-5224-484a-a491-09e9060840b6/206x116/match/image.jpg"", ""2col-retina"": ""https://d2n9h2wits23hf.cloudfront.net/image/v1/static/6057949432001/eec9c487-26d2-488b-85b6-916588ae16cb/b1f52d04-5224-484a-a491-09e9060840b6/412x232/match/image.jpg"", ""3col"": ""https://d2n9h2wits23hf.cloudfront.net/image/v1/static/6057949432001/eec9c487-26d2-488b-85b6-916588ae16cb/b1f52d04-5224-484a-a491-09e9060840b6/319x179/match/image.jpg"", ""3col-retina"": ""https://d2n9h2wits23hf.cloudfront.net/image/v1/static/6057949432001/eec9c487-26d2-488b-85b6-916588ae16cb/b1f52d04-5224-484a-a491-09e9060840b6/638x359/match/image.jpg"", ""4col"": ""https://d2n9h2wits23hf.cloudfront.net/image/v1/static/6057949432001/eec9c487-26d2-488b-85b6-916588ae16cb/b1f52d04-5224-484a-a491-09e9060840b6/432x243/match/image.jpg"", ""4col-retina"": ""https://d2n9h2wits23hf.cloudfront.net/image/v1/static/6057949432001/eec9c487-26d2-488b-85b6-916588ae16cb/b1f52d04-5224-484a-a491-09e9060840b6/864x486/match/image.jpg"", ""6col"": ""https://d2n9h2wits23hf.cloudfront.net/image/v1/static/6057949432001/eec9c487-26d2-488b-85b6-916588ae16cb/b1f52d04-5224-484a-a491-09e9060840b6/658x370/match/image.jpg"", ""6col-retina"": ""https://d2n9h2wits23hf.cloudfront.net/image/v1/static/6057949432001/eec9c487-26d2-488b-85b6-916588ae16cb/b1f52d04-5224-484a-a491-09e9060840b6/1316x740/match/image.jpg"", ""9col"": ""https://d2n9h2wits23hf.cloudfront.net/image/v1/static/6057949432001/eec9c487-26d2-488b-85b6-916588ae16cb/b1f52d04-5224-484a-a491-09e9060840b6/997x561/match/image.jpg"", ""9col-retina"": ""https://d2n9h2wits23hf.cloudfront.net/image/v1/static/6057949432001/eec9c487-26d2-488b-85b6-916588ae16cb/b1f52d04-5224-484a-a491-09e9060840b6/1994x1122/match/image.jpg""}}}}, {""contentType"": ""atomRichText"", ""fields"": {""richTextBlock"": ""### What upgrades can be made?\n\nOnce ADUO comes into play, developments can be applied to a range of power unit components.\n\nAs per the FIA\u2019s list, permitted upgrades include elements of the ICE, engine exhaust system, Turbocharger and waste gate/pop-off, ICE- or exhaust-mounted electrical components and sensors, ERS (and associated cooling systems), the MGU-K, and the car\u2019s Control Electronics, along with hydraulic functions, fluids and ballast.\n\nADUO upgrades are not cumulative within a season, and will only be granted on the first occasion a manufacturer is deemed as eligible to make developments.\n\nMeanwhile, any upgrade not used in a specified season will be forfeited. So, if a manufacturer is granted one upgrade for 2026 and one upgrade for 2027, the 2026 upgrade must be introduced before the end of that season, or it will be forfeited, while the upgrade for 2027 remains valid.""}}, {""contentType"": ""linkItem"", ""fields"": {""title"": ""Proposals agreed in principle for further evolutionary changes to 2026 regulations"", ""webUrl"": ""https://www.formula1.com/en/latest/article/proposals-agreed-in-principle-for-further-evolutionary-changes-to-2026-regulations.2nNLMoEsoD8JYt9rb8zcJB"", ""openInNewTab"": false}}, {""contentType"": ""atomRichText"", ""fields"": {""richTextBlock"": ""### What about F1\u2019s cost cap?\n\nSince 2021, teams\u2019 annual spends have been controlled under [the F1 cost cap](https://www.formula1.com/en/latest/article/explained-what-is-the-f1-cost-cap-and-why-has-it-gone-up.2tYtDIe5SbE5utjThctBT3).\n\nAs such, questions have arisen over how the ADUO will work under such restrictions \u2013 but FIA Single Seater Director Nikolas Tombazis moved to allay concerns.\n\n\u201cIt\u2019s important to make clear that ADUO is not a kind of balance of performance mechanism,\u201d he commented. \u201cA team or manufacturer will not suddenly get greater fuel flow rate or more or less ballast.\n\n\u201cIt is, in fact, a cost cap relief mechanism, where a PU manufacturer meeting ADUO criteria during a review period is given an opportunity to develop its engine through a downward adjustment.""}}, {""contentType"": ""atomImage"", ""fields"": {""caption"": ""The FIA\u2019s Tombazis has described ADUO as \u201ca cost cap relief mechanism\u201d"", ""image"": {""title"": ""SPA, BELGIUM - AUGUST 27: Nikos Tombazis, FIA Single Seater Technical Director attends the Team"", ""path"": ""/content/dam/fom-website/sutton/2022/Belgium/Saturday/1418400281.jpg"", ""url"": ""https://media.formula1.com/image/upload/t_16by9North/f_auto/q_auto/v1678375021/content/dam/fom-website/sutton/2022/Belgium/Saturday/1418400281.jpg"", ""public_id"": ""content/dam/fom-website/sutton/2022/Belgium/Saturday/1418400281"", ""raw_transformation"": ""t_16by9North/f_auto/q_auto"", ""width"": 5240, ""height"": 2948}, ""isLogo"": false}}, {""contentType"": ""atomRichText"", ""fields"": {""richTextBlock"": ""\u201cThat\u2019s not to underestimate it, but a manufacturer will still need to make the best engine in order to win. It\u2019s not a magic bullet, or like the FIA is handing out brownie points to somebody who\u2019s behind. It simply provides them with leeway to develop their power unit within the framework laid out by the Technical Regulations.\u201d\n\nArticle E4.1.1.t of the 2026 Formula 1 Regulations sets out the positive impacts of the ADUO on power unit manufacturers\u2019 expenditure.\n\nEvery manufacturer sitting 2-4% behind will get allowances up to USD $3.0 million; from 4-6% behind they will get up to USD $4.65m; from 6-8% they will get up to USD $6.35m; and from 8%-10% they will get up to USD $8m.\n\nManufacturers with a deficit of 10% or more will get an allowance for each ADUO period of up to USD $11m and, in 2026 only, further support might be offered.""}}, {""contentType"": ""atomPromotion"", ""fields"": {""promoImage"": {""title"": ""Monaco.png"", ""path"": ""/content/dam/fom-website/2018-redesign-assets/Racehub header images 16x9/Monaco.png"", ""url"": ""https://media.formula1.com/image/upload/t_16by9Centre/f_auto/q_auto/v1749216666/content/dam/fom-website/2018-redesign-assets/Racehub%20header%20images%2016x9/Monaco.png"", ""public_id"": ""content/dam/fom-website/2018-redesign-assets/Racehub header images 16x9/Monaco"", ""raw_transformation"": ""t_16by9Centre/f_auto/q_auto"", ""width"": 1920, ""height"": 1080}, ""promoHeaderText"": ""RACE TICKETS - MONACO"", ""promoBodyText"": ""Don't miss your chance to experience the world's most famous street circuit..."", ""promoCtaLabel"": ""BOOK NOW"", ""promoCtaLink"": ""https://tickets.formula1.com/en/f1-3202-monaco"", ""openNewWindow"": false, ""variant"": ""Generic-D""}}]","Explained, FIA, 2026 regulations, 2026","[{""id"": ""3MCJ3owpZpby8mcOoUVtIi"", ""tagName"": ""Explained"", ""tagGroup"": ""Content - Subject""}, {""id"": ""2Rkcy0QqWsqog4gsi6mQ2C"", ""tagName"": ""FIA"", ""tagGroup"": ""Content - Subject""}, {""id"": ""55LpDLkFiOGZ7W2byMrm5g"", ""tagName"": ""2026 regulations"", ""tagGroup"": ""Content - Subject""}, {""id"": ""5TppklcnBMKv6j5ccPjaaa"", ""tagName"": ""2026"", ""tagGroup"": ""Year""}]"
