id,createdAt,sensitive,updatedAt,realUpdatedAt,locale,title,slug,abstract,seoTitle,articleType,metaDescription,displayTitle,socialShareTitle,contentType,darkModeOnly,isProtected,isExclusiveArticle,displayPrimaryTag,richArticle,leadsourceType,canonicalUrl,socialShareImage_title,socialShareImage_path,socialShareImage_url,socialShareImage_public_id,socialShareImage_raw_transformation,socialShareImage_width,socialShareImage_height,hero_contentType,hero_image_title,hero_image_path,hero_image_url,hero_image_public_id,hero_image_raw_transformation,hero_image_width,hero_image_height,hero_isLogo,body_combined_text,body_serialized_json,tags_comma_separated,tags_serialized_json
3RYdn6nDmrEqc84TWA4DB2,2026-05-24T23:55:11.533Z,False,2026-05-24T23:55:11.533Z,2026-05-24T23:55:13.890Z,en,'I feel very light right now’ – Hamilton hails Canada P2 as 'happiest day at Ferrari so far',i-feel-very-light-right-now-hamilton-hails-canada-p2-as-happiest-day-at-ferrari-so-far,"Lewis Hamilton was left delighted after his best-ever Sunday result for Ferrari at the Canadian Grand Prix, the seven-time World Champion returning to the podium with a P2 finish.",'I feel very light right now’ – Lewis Hamilton hails Canadian Grand Prix P2 as 'happiest day at Ferrari so far' ,News,"Lewis Hamilton was left delighted after his best-ever Sunday result for Ferrari at the Canadian Grand Prix, the seven-time World Champion returning to the podium with a P2 finish.",Hamilton's Canada P2 'happiest day at Ferrari so far',Hamilton's Canada P2 'happiest day at Ferrari so far',article,False,False,False,False,False,Article,https://www.formula1.com/en/latest/article/i-feel-very-light-right-now-hamilton-hails-canada-p2-as-happiest-day-at-ferrari-so-far.3RYdn6nDmrEqc84TWA4DB2,"MONTREAL, QUEBEC - MAY 24: Second placed Lewis Hamilton of Great Britain and Scuderia Ferrari",/trackside-images/2026/F1_Grand_Prix_of_Canada/2278036032.jpg,https://media.formula1.com/image/upload/t_16by9North/f_auto/q_auto/v1779661743/trackside-images/2026/F1_Grand_Prix_of_Canada/2278036032.jpg,trackside-images/2026/F1_Grand_Prix_of_Canada/2278036032,t_16by9North/f_auto/q_auto,3475,2315,atomImage,"MONTREAL, QUEBEC - MAY 24: Second placed Lewis Hamilton of Great Britain and Scuderia Ferrari",/trackside-images/2026/F1_Grand_Prix_of_Canada/2278036032.jpg,https://media.formula1.com/image/upload/t_16by9North/f_auto/q_auto/v1779661743/trackside-images/2026/F1_Grand_Prix_of_Canada/2278036032.jpg,trackside-images/2026/F1_Grand_Prix_of_Canada/2278036032,t_16by9North/f_auto/q_auto,3475,2315,False,"__Lewis Hamilton has celebrated his P2 finish at the Canadian Grand Prix as his ""happiest day at Ferrari so far"", with the seven-time World Champion left feeling ""very light"" after securing his best finish in his time with the squad.__

After displaying good pace earlier in the weekend, Hamilton faced some disappointment in Saturday's Sprint where he slipped back to a final result of P6.

Things went much more in the Briton's favour come Sunday, however, as he made gains from P5 on the grid to eventually find himself battling against Red Bull's Max Verstappen for second place.

Hamilton ultimately won the fight and could not hide his joy at securing P2, a result that comes after some ups and downs since his time with the Scuderia began in 2025.

""Oh man, it's the happiest day of my days at Ferrari so far,"" Hamilton beamed after the race. ""It feels great to be able to put the Ferrari on the podium, and to get my first second place with the team as well in the main race, and this is my second podium as well.

""I'm just elated and so proud of the team for working so hard. I finally have the engineering team that I've been working towards. I think our car is great, the guys did a fantastic job over the winter to get the car where it is, and I think I understand it a lot better and much more comfortable with it.

[Image: Hamilton looked in strong form as he fought for P2 in the Canadian Grand Prix]

""Whilst we're not exactly where we want to be, to get a result like this capitalises [on]… we've got great reliability. This is awesome, and a big thanks to the team.""

Pushed on how personally satisfying the result is for him, Hamilton responded: ""Honestly it's the best feeling. I feel very light right now.

""I feel great in my body – physically I'm very, very strong, and clearly mentally in a good place and I arrived this weekend with mega energy, and I want to take this forwards.""

Hamilton's P2 finish – along with a P4 for team mate Charles Leclerc – has also helped Ferrari to strengthen their hold on second place in the Teams' Championship, with third-placed McLaren dropping back after ending the day with no points.

[Promotion: Check out the latest Ferrari products in the F1 Store.]","[{""contentType"":""atomRichText"",""fields"":{""richTextBlock"":""__Lewis Hamilton has celebrated his P2 finish at the Canadian Grand Prix as his \""happiest day at Ferrari so far\"", with the seven-time World Champion left feeling \""very light\"" after securing his best finish in his time with the squad.__\n\nAfter displaying good pace earlier in the weekend, [Hamilton](https://www.formula1.com/en/drivers/lewis-hamilton) faced some disappointment in Saturday's Sprint where he slipped back to a final result of P6.\n\nThings went much more in the Briton's favour come Sunday, however, as he made gains from P5 on the grid to eventually find himself battling against [Red Bull](https://www.formula1.com/en/teams/red-bull-racing)'s [Max Verstappen](https://www.formula1.com/en/drivers/max-verstappen) for second place.\n""}},{""contentType"":""atomRichText"",""fields"":{""richTextBlock"":""Hamilton ultimately won the fight and could not hide his joy at securing P2, a result that comes after some ups and downs since his time with the Scuderia began in 2025.\n\n\""Oh man, it's the happiest day of my days at [Ferrari](https://www.formula1.com/en/teams/ferrari) so far,\"" Hamilton beamed after the race. \""It feels great to be able to put the Ferrari on the podium, and to get my first second place with the team as well in the main race, and this is my second podium as well. \n\n\""I'm just elated and so proud of the team for working so hard. I finally have the engineering team that I've been working towards. I think our car is great, the guys did a fantastic job over the winter to get the car where it is, and I think I understand it a lot better and much more comfortable with it. \n""}},{""contentType"":""atomImage"",""fields"":{""caption"":""Hamilton looked in strong form as he fought for P2 in the Canadian Grand Prix"",""image"":{""title"":""MONTREAL, QUEBEC - MAY 24: Lewis Hamilton of Great Britain driving the (44) Scuderia Ferrari SF-26"",""path"":""/trackside-images/2026/F1_Grand_Prix_of_Canada/2278039579.jpg"",""url"":""https://media.formula1.com/image/upload/t_16by9Centre/f_auto/q_auto/v1779664025/trackside-images/2026/F1_Grand_Prix_of_Canada/2278039579.jpg"",""public_id"":""trackside-images/2026/F1_Grand_Prix_of_Canada/2278039579"",""raw_transformation"":""t_16by9Centre/f_auto/q_auto"",""width"":5173,""height"":3615},""isLogo"":false}},{""contentType"":""atomRichText"",""fields"":{""richTextBlock"":""\""Whilst we're not exactly where we want to be, to get a result like this capitalises [on]… we've got great reliability. This is awesome, and a big thanks to the team.\""\n\nPushed on how personally satisfying the result is for him, Hamilton responded: \""Honestly it's the best feeling. I feel very light right now. \n\n\""I feel great in my body – physically I'm very, very strong, and clearly mentally in a good place and I arrived this weekend with mega energy, and I want to take this forwards.\""\n\nHamilton's P2 finish – along with a P4 for team mate [Charles Leclerc](https://www.formula1.com/en/drivers/charles-leclerc) – has also helped Ferrari to strengthen their hold on second place in the [Teams' Championship](https://www.formula1.com/en/results/2026/team), with third-placed [McLaren](https://www.formula1.com/en/teams/mclaren) dropping back after ending the day with no points.\n""}},{""contentType"":""atomPromotion"",""fields"":{""promoImage"":{""title"":""16x9%20single%20image%20(3)%20(2).png"",""path"":""/fom-website/campaign/support-f1/F1 Store/16x9 single image (3) (2).png"",""url"":""https://media.formula1.com/image/upload/f_auto/q_auto/v1770129352/fom-website/campaign/support-f1/F1%20Store/16x9%20single%20image%20(3)%20(2).png"",""public_id"":""fom-website/campaign/support-f1/F1 Store/16x9 single image (3) (2)"",""raw_transformation"":""f_auto/q_auto"",""width"":1920,""height"":1080},""promoHeaderText"":""F1 Store - Ferrari"",""promoBodyText"":""Check out the latest Ferrari products in the F1 Store."",""promoCtaLabel"":""SHOP NOW"",""promoCtaLink"":""https://f1store.formula1.com/en/scuderia-ferrari/t-76758670+z-71034-984427031?_ref=m-TOPNAV?_s=bm-fi-f1-prtsocial-editorial-new-ferrari-030226-bc"",""openNewWindow"":false,""variant"":""Generic-D""}}]","Lewis Hamilton, Ferrari, Canada, 2026","[{""id"":""4JkPrl5z1S8aKUYKcsmmSw"",""tagName"":""Lewis Hamilton"",""tagGroup"":""Driver - Current""},{""id"":""3dIkMVlv3iyaaScYu2OiYI"",""tagName"":""Ferrari"",""tagGroup"":""Team - Current""},{""id"":""6nmIjMdvJCceEK6c2IaoAw"",""tagName"":""Canada"",""tagGroup"":""Race - Current""},{""id"":""5TppklcnBMKv6j5ccPjaaa"",""tagName"":""2026"",""tagGroup"":""Year""}]"
