id,season,meetingNumber,meetingName,meetingOfficialName,meetingCode,meetingStartDate,meetingEndDate,meetingLocation,meetingSponsor,isTestEvent,seasonMeetingOrdinal,championshipMeetingOrdinal,scheduledLapCount,scheduledDistance,dalProvisional,dalStatus,fomMeetingKey,circuitId,circuitShortName,circuitOfficialName,circuitLocation,circuitType,trackLength,circuitDirection,fastestLapTime,fastestLapDriver,fastestLapSeason,countryId,countryName,isoCode,iocCode,sessionCount,sessions_serialized_json,lastModified,session_day_1_start,session_day_2_start,session_day_3_start,session_practice_1_start,session_practice_2_start,session_practice_3_start,session_qualifying_start,session_race_start,session_practice_start,session_sprint_qualifying_start,session_sprint_start
1185,2026,1,Pre-Season Testing,FORMULA 1 ARAMCO PRE-SEASON TESTING 1 2026,F12026T01,2026-02-11,2026-02-13,Bahrain,Aramco,True,1,,,,False,None,1304,62,Sakhir,Bahrain International Circuit,Sakhir,Permanent,5.412,Clockwise,1:31.447,Pedro de la Rosa,2005,37,Bahrain,BHR,BRN,3,"[{""id"": 7442, ""sessionName"": ""Day 1"", ""sessionType"": ""Practice"", ""sessionNumber"": 1, ""sessionStartDate"": ""2026-02-11T10:00:00+03:00"", ""sessionEndDate"": ""2026-02-11T19:00:00+03:00"", ""dalStatus"": ""None"", ""dalProvisional"": false}, {""id"": 7443, ""sessionName"": ""Day 2"", ""sessionType"": ""Practice"", ""sessionNumber"": 2, ""sessionStartDate"": ""2026-02-12T10:00:00+03:00"", ""sessionEndDate"": ""2026-02-12T19:00:00+03:00"", ""dalStatus"": ""None"", ""dalProvisional"": false}, {""id"": 7444, ""sessionName"": ""Day 3"", ""sessionType"": ""Practice"", ""sessionNumber"": 3, ""sessionStartDate"": ""2026-02-13T10:00:00+03:00"", ""sessionEndDate"": ""2026-02-13T19:00:00+03:00"", ""dalStatus"": ""None"", ""dalProvisional"": false}]",2026-01-29T13:50:05.301Z,2026-02-11T10:00:00+03:00,2026-02-12T10:00:00+03:00,2026-02-13T10:00:00+03:00,,,,,,,,
1186,2026,1,Pre-Season Testing,FORMULA 1 ARAMCO PRE-SEASON TESTING 2 2026,F12026T02,2026-02-18,2026-02-20,Bahrain,Aramco,True,2,,,,False,None,1305,62,Sakhir,Bahrain International Circuit,Sakhir,Permanent,5.412,Clockwise,1:31.447,Pedro de la Rosa,2005,37,Bahrain,BHR,BRN,3,"[{""id"": 7445, ""sessionName"": ""Day 1"", ""sessionType"": ""Practice"", ""sessionNumber"": 1, ""sessionStartDate"": ""2026-02-18T10:00:00+03:00"", ""sessionEndDate"": ""2026-02-18T19:00:00+03:00"", ""dalStatus"": ""None"", ""dalProvisional"": false}, {""id"": 7446, ""sessionName"": ""Day 2"", ""sessionType"": ""Practice"", ""sessionNumber"": 2, ""sessionStartDate"": ""2026-02-19T10:00:00+03:00"", ""sessionEndDate"": ""2026-02-19T19:00:00+03:00"", ""dalStatus"": ""None"", ""dalProvisional"": false}, {""id"": 7447, ""sessionName"": ""Day 3"", ""sessionType"": ""Practice"", ""sessionNumber"": 3, ""sessionStartDate"": ""2026-02-20T10:00:00+03:00"", ""sessionEndDate"": ""2026-02-20T19:00:00+03:00"", ""dalStatus"": ""None"", ""dalProvisional"": false}]",2026-01-29T13:50:14.955Z,2026-02-18T10:00:00+03:00,2026-02-19T10:00:00+03:00,2026-02-20T10:00:00+03:00,,,,,,,,
1162,2026,1,Australian Grand Prix,FORMULA 1 QATAR AIRWAYS AUSTRALIAN GRAND PRIX 2026,F1202601,2026-03-06,2026-03-08,Melbourne,QATAR AIRWAYS,False,3,1,58,306.124,False,None,1279,19,Melbourne,Albert Park Grand Prix Circuit,Melbourne,Temporary - Street,5.278,Clockwise,1:19.813,Charles Leclerc,2024,6,Australia,AUS,AUS,13,"[{""id"": 7304, ""sessionName"": ""Practice 1"", ""sessionType"": ""Practice"", ""sessionNumber"": 1, ""sessionStartDate"": ""2026-03-06T12:30:00+11:00"", ""sessionEndDate"": ""2026-03-06T13:30:00+11:00"", ""dalStatus"": ""None"", ""dalProvisional"": false}, {""id"": 7305, ""sessionName"": ""Practice 2"", ""sessionType"": ""Practice"", ""sessionNumber"": 2, ""sessionStartDate"": ""2026-03-06T16:00:00+11:00"", ""sessionEndDate"": ""2026-03-06T17:00:00+11:00"", ""dalStatus"": ""None"", ""dalProvisional"": false}, {""id"": 7306, ""sessionName"": ""Practice 3"", ""sessionType"": ""Practice"", ""sessionNumber"": 3, ""sessionStartDate"": ""2026-03-07T12:30:00+11:00"", ""sessionEndDate"": ""2026-03-07T13:30:00+11:00"", ""dalStatus"": ""None"", ""dalProvisional"": false}, {""id"": 7307, ""sessionName"": ""Qualifying"", ""sessionType"": ""Qualifying"", ""sessionNumber"": 0, ""sessionStartDate"": ""2026-03-07T16:00:00+11:00"", ""sessionEndDate"": ""2026-03-07T17:00:00+11:00"", ""dalStatus"": ""None"", ""dalProvisional"": false}, {""id"": 7308, ""sessionName"": ""Race"", ""sessionType"": ""Race"", ""sessionNumber"": 0, ""sessionStartDate"": ""2026-03-08T15:00:00+11:00"", ""sessionEndDate"": ""2026-03-08T17:00:00+11:00"", ""dalStatus"": ""None"", ""dalProvisional"": false}, {""id"": 7448, ""sessionName"": ""Practice"", ""sessionType"": ""Practice"", ""sessionNumber"": 0, ""sessionStartDate"": ""2026-03-06T08:50:00+11:00"", ""sessionEndDate"": ""2026-03-06T09:35:00+11:00"", ""dalStatus"": ""None"", ""dalProvisional"": false}, {""id"": 7449, ""sessionName"": ""Qualifying"", ""sessionType"": ""Qualifying"", ""sessionNumber"": 0, ""sessionStartDate"": ""2026-03-06T14:00:00+11:00"", ""sessionEndDate"": ""2026-03-06T14:30:00+11:00"", ""dalStatus"": ""None"", ""dalProvisional"": false}, {""id"": 7450, ""sessionName"": ""Race"", ""sessionType"": ""Race"", ""sessionNumber"": 1, ""sessionStartDate"": ""2026-03-07T11:15:00+11:00"", ""sessionEndDate"": ""2026-03-07T12:00:00+11:00"", ""dalStatus"": ""None"", ""dalProvisional"": false}, {""id"": 7451, ""sessionName"": ""Race"", ""sessionType"": ""Race"", ""sessionNumber"": 2, ""sessionStartDate"": ""2026-03-08T08:50:00+11:00"", ""sessionEndDate"": ""2026-03-08T09:40:00+11:00"", ""dalStatus"": ""None"", ""dalProvisional"": false}, {""id"": 7452, ""sessionName"": ""Practice"", ""sessionType"": ""Practice"", ""sessionNumber"": 0, ""sessionStartDate"": ""2026-03-06T10:00:00+11:00"", ""sessionEndDate"": ""2026-03-06T10:45:00+11:00"", ""dalStatus"": ""None"", ""dalProvisional"": false}, {""id"": 7453, ""sessionName"": ""Qualifying"", ""sessionType"": ""Qualifying"", ""sessionNumber"": 0, ""sessionStartDate"": ""2026-03-06T14:55:00+11:00"", ""sessionEndDate"": ""2026-03-06T15:25:00+11:00"", ""dalStatus"": ""None"", ""dalProvisional"": false}, {""id"": 7454, ""sessionName"": ""Race"", ""sessionType"": ""Race"", ""sessionNumber"": 1, ""sessionStartDate"": ""2026-03-07T14:10:00+11:00"", ""sessionEndDate"": ""2026-03-07T15:00:00+11:00"", ""dalStatus"": ""None"", ""dalProvisional"": false}, {""id"": 7455, ""sessionName"": ""Race"", ""sessionType"": ""Race"", ""sessionNumber"": 2, ""sessionStartDate"": ""2026-03-08T11:25:00+11:00"", ""sessionEndDate"": ""2026-03-08T12:30:00+11:00"", ""dalStatus"": ""None"", ""dalProvisional"": false}]",2026-01-29T13:42:54.276Z,,,,2026-03-06T12:30:00+11:00,2026-03-06T16:00:00+11:00,2026-03-07T12:30:00+11:00,2026-03-06T14:55:00+11:00,2026-03-08T11:25:00+11:00,2026-03-06T10:00:00+11:00,,
1160,2026,2,Chinese Grand Prix,FORMULA 1 HEINEKEN CHINESE GRAND PRIX 2026,F1202602,2026-03-13,2026-03-15,Shanghai,HEINEKEN,False,4,2,56,305.066,False,None,1280,69,Shanghai,Shanghai International Circuit,Shanghai,Permanent,5.451,Clockwise,1:32.238,Michael Schumacher,2004,54,China,CHN,CHN,9,"[{""id"": 7309, ""sessionName"": ""Practice 1"", ""sessionType"": ""Practice"", ""sessionNumber"": 1, ""sessionStartDate"": ""2026-03-13T11:30:00+08:00"", ""sessionEndDate"": ""2026-03-13T12:30:00+08:00"", ""dalStatus"": ""None"", ""dalProvisional"": false}, {""id"": 7310, ""sessionName"": ""Sprint Qualifying"", ""sessionType"": ""Sprint Shootout"", ""sessionNumber"": 0, ""sessionStartDate"": ""2026-03-13T15:30:00+08:00"", ""sessionEndDate"": ""2026-03-13T16:14:00+08:00"", ""dalStatus"": ""None"", ""dalProvisional"": false}, {""id"": 7311, ""sessionName"": ""Sprint"", ""sessionType"": ""Sprint Qualifying"", ""sessionNumber"": 0, ""sessionStartDate"": ""2026-03-14T11:00:00+08:00"", ""sessionEndDate"": ""2026-03-14T12:00:00+08:00"", ""dalStatus"": ""None"", ""dalProvisional"": false}, {""id"": 7312, ""sessionName"": ""Qualifying"", ""sessionType"": ""Qualifying"", ""sessionNumber"": 0, ""sessionStartDate"": ""2026-03-14T15:00:00+08:00"", ""sessionEndDate"": ""2026-03-14T16:00:00+08:00"", ""dalStatus"": ""None"", ""dalProvisional"": false}, {""id"": 7313, ""sessionName"": ""Race"", ""sessionType"": ""Race"", ""sessionNumber"": 0, ""sessionStartDate"": ""2026-03-15T15:00:00+08:00"", ""sessionEndDate"": ""2026-03-15T17:00:00+08:00"", ""dalStatus"": ""None"", ""dalProvisional"": false}, {""id"": 7456, ""sessionName"": ""Practice"", ""sessionType"": ""Practice"", ""sessionNumber"": 0, ""sessionStartDate"": ""2026-03-13T09:10:00+08:00"", ""sessionEndDate"": ""2026-03-13T09:50:00+08:00"", ""dalStatus"": ""None"", ""dalProvisional"": false}, {""id"": 7457, ""sessionName"": ""Qualifying"", ""sessionType"": ""Qualifying"", ""sessionNumber"": 0, ""sessionStartDate"": ""2026-03-13T14:10:00+08:00"", ""sessionEndDate"": ""2026-03-13T14:40:00+08:00"", ""dalStatus"": ""None"", ""dalProvisional"": false}, {""id"": 7458, ""sessionName"": ""Race"", ""sessionType"": ""Race"", ""sessionNumber"": 1, ""sessionStartDate"": ""2026-03-14T13:45:00+08:00"", ""sessionEndDate"": ""2026-03-14T14:20:00+08:00"", ""dalStatus"": ""None"", ""dalProvisional"": false}, {""id"": 7459, ""sessionName"": ""Race"", ""sessionType"": ""Race"", ""sessionNumber"": 2, ""sessionStartDate"": ""2026-03-15T10:40:00+08:00"", ""sessionEndDate"": ""2026-03-15T11:15:00+08:00"", ""dalStatus"": ""None"", ""dalProvisional"": false}]",2026-01-29T13:44:54.464Z,,,,2026-03-13T11:30:00+08:00,,,2026-03-13T14:10:00+08:00,2026-03-15T10:40:00+08:00,2026-03-13T09:10:00+08:00,2026-03-13T15:30:00+08:00,2026-03-14T11:00:00+08:00
1161,2026,3,Japanese Grand Prix,FORMULA 1 ARAMCO JAPANESE GRAND PRIX 2026,F1202603,2026-03-27,2026-03-29,Suzuka,ARAMCO,False,5,3,53,307.471,False,None,1281,15,Suzuka,Suzuka Circuit,Nagoya,Permanent,5.807,8,1:30.965,Kimi Antonelli,2025,5,Japan,JPN,JPN,5,"[{""id"": 7314, ""sessionName"": ""Practice 1"", ""sessionType"": ""Practice"", ""sessionNumber"": 1, ""sessionStartDate"": ""2026-03-27T11:30:00+09:00"", ""sessionEndDate"": ""2026-03-27T12:30:00+09:00"", ""dalStatus"": ""None"", ""dalProvisional"": false}, {""id"": 7315, ""sessionName"": ""Practice 2"", ""sessionType"": ""Practice"", ""sessionNumber"": 2, ""sessionStartDate"": ""2026-03-27T15:00:00+09:00"", ""sessionEndDate"": ""2026-03-27T16:00:00+09:00"", ""dalStatus"": ""None"", ""dalProvisional"": false}, {""id"": 7316, ""sessionName"": ""Race"", ""sessionType"": ""Race"", ""sessionNumber"": 0, ""sessionStartDate"": ""2026-03-29T14:00:00+09:00"", ""sessionEndDate"": ""2026-03-29T16:00:00+09:00"", ""dalStatus"": ""None"", ""dalProvisional"": false}, {""id"": 7317, ""sessionName"": ""Practice 3"", ""sessionType"": ""Practice"", ""sessionNumber"": 3, ""sessionStartDate"": ""2026-03-28T11:30:00+09:00"", ""sessionEndDate"": ""2026-03-28T12:30:00+09:00"", ""dalStatus"": ""None"", ""dalProvisional"": false}, {""id"": 7318, ""sessionName"": ""Qualifying"", ""sessionType"": ""Qualifying"", ""sessionNumber"": 0, ""sessionStartDate"": ""2026-03-28T15:00:00+09:00"", ""sessionEndDate"": ""2026-03-28T16:00:00+09:00"", ""dalStatus"": ""None"", ""dalProvisional"": false}]",2026-01-29T13:45:03.757Z,,,,2026-03-27T11:30:00+09:00,2026-03-27T15:00:00+09:00,2026-03-28T11:30:00+09:00,2026-03-28T15:00:00+09:00,2026-03-29T14:00:00+09:00,,,
1165,2026,4,Miami Grand Prix,FORMULA 1 CRYPTO.COM MIAMI GRAND PRIX 2026,F1202604,2026-05-01,2026-05-03,Miami Gardens,CRYPTO.COM,False,8,4,57,308.326,False,None,1284,57,Miami,Miami International Autodrome,Miami,Temporary - Street,5.412,Anti-Clockwise,1:29.708,Max Verstappen,2023,20,United States,USA,USA,9,"[{""id"": 7329, ""sessionName"": ""Practice 1"", ""sessionType"": ""Practice"", ""sessionNumber"": 1, ""sessionStartDate"": ""2026-05-01T12:00:00-04:00"", ""sessionEndDate"": ""2026-05-01T13:30:00-04:00"", ""dalStatus"": ""None"", ""dalProvisional"": false}, {""id"": 7330, ""sessionName"": ""Sprint Qualifying"", ""sessionType"": ""Sprint Shootout"", ""sessionNumber"": 0, ""sessionStartDate"": ""2026-05-01T16:30:00-04:00"", ""sessionEndDate"": ""2026-05-01T17:14:00-04:00"", ""dalStatus"": ""None"", ""dalProvisional"": false}, {""id"": 7332, ""sessionName"": ""Sprint"", ""sessionType"": ""Sprint Qualifying"", ""sessionNumber"": 0, ""sessionStartDate"": ""2026-05-02T12:00:00-04:00"", ""sessionEndDate"": ""2026-05-02T13:00:00-04:00"", ""dalStatus"": ""None"", ""dalProvisional"": false}, {""id"": 7333, ""sessionName"": ""Qualifying"", ""sessionType"": ""Qualifying"", ""sessionNumber"": 0, ""sessionStartDate"": ""2026-05-02T16:00:00-04:00"", ""sessionEndDate"": ""2026-05-02T17:00:00-04:00"", ""dalStatus"": ""None"", ""dalProvisional"": false}, {""id"": 7334, ""sessionName"": ""Race"", ""sessionType"": ""Race"", ""sessionNumber"": 0, ""sessionStartDate"": ""2026-05-03T13:00:00-04:00"", ""sessionEndDate"": ""2026-05-03T15:00:00-04:00"", ""dalStatus"": ""None"", ""dalProvisional"": false}, {""id"": 7460, ""sessionName"": ""Practice"", ""sessionType"": ""Practice"", ""sessionNumber"": 0, ""sessionStartDate"": ""2026-05-01T09:30:00-04:00"", ""sessionEndDate"": ""2026-05-01T10:15:00-04:00"", ""dalStatus"": ""None"", ""dalProvisional"": false}, {""id"": 7461, ""sessionName"": ""Qualifying"", ""sessionType"": ""Qualifying"", ""sessionNumber"": 0, ""sessionStartDate"": ""2026-05-01T14:30:00-04:00"", ""sessionEndDate"": ""2026-05-01T15:00:00-04:00"", ""dalStatus"": ""None"", ""dalProvisional"": false}, {""id"": 7462, ""sessionName"": ""Race"", ""sessionType"": ""Race"", ""sessionNumber"": 1, ""sessionStartDate"": ""2026-05-02T10:00:00-04:00"", ""sessionEndDate"": ""2026-05-02T10:50:00-04:00"", ""dalStatus"": ""None"", ""dalProvisional"": false}, {""id"": 7463, ""sessionName"": ""Race"", ""sessionType"": ""Race"", ""sessionNumber"": 2, ""sessionStartDate"": ""2026-05-03T09:25:00-04:00"", ""sessionEndDate"": ""2026-05-03T10:30:00-04:00"", ""dalStatus"": ""None"", ""dalProvisional"": false}]",2026-03-19T11:35:24.441Z,,,,2026-05-01T12:00:00-04:00,,,2026-05-01T14:30:00-04:00,2026-05-03T09:25:00-04:00,2026-05-01T09:30:00-04:00,2026-05-01T16:30:00-04:00,2026-05-02T12:00:00-04:00
1166,2026,5,Canadian Grand Prix,FORMULA 1 LENOVO GRAND PRIX DU CANADA 2026,F1202605,2026-05-22,2026-05-24,Montréal,LENOVO,False,9,5,70,305.27,False,None,1285,64,Montreal,Circuit Gilles-Villeneuve,Montréal,Permanent,4.361,Clockwise,1:13.078,Valtteri Bottas,2019,47,Canada,CAN,CAN,14,"[{""id"": 7335, ""sessionName"": ""Practice 1"", ""sessionType"": ""Practice"", ""sessionNumber"": 1, ""sessionStartDate"": ""2026-05-22T12:30:00-04:00"", ""sessionEndDate"": ""2026-05-22T13:30:00-04:00"", ""dalStatus"": ""None"", ""dalProvisional"": false}, {""id"": 7336, ""sessionName"": ""Sprint Qualifying"", ""sessionType"": ""Sprint Shootout"", ""sessionNumber"": 0, ""sessionStartDate"": ""2026-05-22T16:30:00-04:00"", ""sessionEndDate"": ""2026-05-22T17:14:00-04:00"", ""dalStatus"": ""None"", ""dalProvisional"": false}, {""id"": 7337, ""sessionName"": ""Sprint"", ""sessionType"": ""Sprint Qualifying"", ""sessionNumber"": 0, ""sessionStartDate"": ""2026-05-23T12:00:00-04:00"", ""sessionEndDate"": ""2026-05-23T13:00:00-04:00"", ""dalStatus"": ""None"", ""dalProvisional"": false}, {""id"": 7338, ""sessionName"": ""Qualifying"", ""sessionType"": ""Qualifying"", ""sessionNumber"": 0, ""sessionStartDate"": ""2026-05-23T16:00:00-04:00"", ""sessionEndDate"": ""2026-05-23T17:00:00-04:00"", ""dalStatus"": ""None"", ""dalProvisional"": false}, {""id"": 7339, ""sessionName"": ""Race"", ""sessionType"": ""Race"", ""sessionNumber"": 0, ""sessionStartDate"": ""2026-05-24T16:00:00-04:00"", ""sessionEndDate"": ""2026-05-24T18:00:00-04:00"", ""dalStatus"": ""None"", ""dalProvisional"": false}, {""id"": 7464, ""sessionName"": ""Practice"", ""sessionType"": ""Practice"", ""sessionNumber"": 0, ""sessionStartDate"": ""2026-05-22T10:05:00-04:00"", ""sessionEndDate"": ""2026-05-22T10:50:00-04:00"", ""dalStatus"": ""None"", ""dalProvisional"": false}, {""id"": 7465, ""sessionName"": ""Qualifying"", ""sessionType"": ""Qualifying"", ""sessionNumber"": 0, ""sessionStartDate"": ""2026-05-22T14:00:00-04:00"", ""sessionEndDate"": ""2026-05-22T14:30:00-04:00"", ""dalStatus"": ""None"", ""dalProvisional"": false}, {""id"": 7466, ""sessionName"": ""Race"", ""sessionType"": ""Race"", ""sessionNumber"": 1, ""sessionStartDate"": ""2026-05-23T14:10:00-04:00"", ""sessionEndDate"": ""2026-05-23T15:00:00-04:00"", ""dalStatus"": ""None"", ""dalProvisional"": false}, {""id"": 7467, ""sessionName"": ""Race"", ""sessionType"": ""Race"", ""sessionNumber"": 2, ""sessionStartDate"": ""2026-05-24T12:05:00-04:00"", ""sessionEndDate"": ""2026-05-24T13:10:00-04:00"", ""dalStatus"": ""None"", ""dalProvisional"": false}, {""id"": 7468, ""sessionName"": ""Practice"", ""sessionType"": ""Practice"", ""sessionNumber"": 0, ""sessionStartDate"": ""2026-05-22T09:00:00-04:00"", ""sessionEndDate"": ""2026-05-22T09:40:00-04:00"", ""dalStatus"": ""None"", ""dalProvisional"": false}, {""id"": 7469, ""sessionName"": ""Qualifying"", ""sessionType"": ""Qualifying"", ""sessionNumber"": 0, ""sessionStartDate"": ""2026-05-22T18:00:00-04:00"", ""sessionEndDate"": ""2026-05-22T18:30:00-04:00"", ""dalStatus"": ""None"", ""dalProvisional"": false}, {""id"": 7470, ""sessionName"": ""Race"", ""sessionType"": ""Race"", ""sessionNumber"": 1, ""sessionStartDate"": ""2026-05-23T09:45:00-04:00"", ""sessionEndDate"": ""2026-05-23T10:20:00-04:00"", ""dalStatus"": ""None"", ""dalProvisional"": false}, {""id"": 7471, ""sessionName"": ""Race"", ""sessionType"": ""Race"", ""sessionNumber"": 2, ""sessionStartDate"": ""2026-05-23T18:05:00-04:00"", ""sessionEndDate"": ""2026-05-23T18:35:00-04:00"", ""dalStatus"": ""None"", ""dalProvisional"": false}, {""id"": 7472, ""sessionName"": ""Race"", ""sessionType"": ""Race"", ""sessionNumber"": 3, ""sessionStartDate"": ""2026-05-24T10:45:00-04:00"", ""sessionEndDate"": ""2026-05-24T11:20:00-04:00"", ""dalStatus"": ""None"", ""dalProvisional"": false}]",2026-03-19T11:34:13.556Z,,,,2026-05-22T12:30:00-04:00,,,2026-05-22T18:00:00-04:00,2026-05-24T10:45:00-04:00,2026-05-22T09:00:00-04:00,2026-05-22T16:30:00-04:00,2026-05-23T12:00:00-04:00
1167,2026,6,Monaco Grand Prix,FORMULA 1 LOUIS VUITTON GRAND PRIX DE MONACO 2026,F1202606,2026-06-05,2026-06-07,Monte Carlo,LOUIS VUITTON,False,10,6,78,260.286,False,None,1286,71,Monte Carlo,Circuit de Monaco,Monte Carlo,Temporary - Street,3.337,Clockwise,1:12.909,Lewis Hamilton,2021,115,Monaco,MCO,MON,18,"[{""id"": 7340, ""sessionName"": ""Practice 1"", ""sessionType"": ""Practice"", ""sessionNumber"": 1, ""sessionStartDate"": ""2026-06-05T13:30:00+02:00"", ""sessionEndDate"": ""2026-06-05T14:30:00+02:00"", ""dalStatus"": ""None"", ""dalProvisional"": false}, {""id"": 7341, ""sessionName"": ""Practice 2"", ""sessionType"": ""Practice"", ""sessionNumber"": 2, ""sessionStartDate"": ""2026-06-05T17:00:00+02:00"", ""sessionEndDate"": ""2026-06-05T18:00:00+02:00"", ""dalStatus"": ""None"", ""dalProvisional"": false}, {""id"": 7342, ""sessionName"": ""Practice 3"", ""sessionType"": ""Practice"", ""sessionNumber"": 3, ""sessionStartDate"": ""2026-06-06T12:30:00+02:00"", ""sessionEndDate"": ""2026-06-06T13:30:00+02:00"", ""dalStatus"": ""None"", ""dalProvisional"": false}, {""id"": 7343, ""sessionName"": ""Qualifying"", ""sessionType"": ""Qualifying"", ""sessionNumber"": 0, ""sessionStartDate"": ""2026-06-06T16:00:00+02:00"", ""sessionEndDate"": ""2026-06-06T17:00:00+02:00"", ""dalStatus"": ""None"", ""dalProvisional"": false}, {""id"": 7344, ""sessionName"": ""Race"", ""sessionType"": ""Race"", ""sessionNumber"": 0, ""sessionStartDate"": ""2026-06-07T15:00:00+02:00"", ""sessionEndDate"": ""2026-06-07T17:00:00+02:00"", ""dalStatus"": ""None"", ""dalProvisional"": false}, {""id"": 7473, ""sessionName"": ""Practice"", ""sessionType"": ""Practice"", ""sessionNumber"": 0, ""sessionStartDate"": ""2026-06-04T15:00:00+02:00"", ""sessionEndDate"": ""2026-06-04T15:45:00+02:00"", ""dalStatus"": ""None"", ""dalProvisional"": false}, {""id"": 7474, ""sessionName"": ""Qualifying"", ""sessionType"": ""Qualifying"", ""sessionNumber"": 0, ""sessionStartDate"": ""2026-06-05T15:10:00+02:00"", ""sessionEndDate"": ""2026-06-05T15:26:00+02:00"", ""dalStatus"": ""None"", ""dalProvisional"": false}, {""id"": 7475, ""sessionName"": ""Race"", ""sessionType"": ""Race"", ""sessionNumber"": 1, ""sessionStartDate"": ""2026-06-06T14:15:00+02:00"", ""sessionEndDate"": ""2026-06-06T15:05:00+02:00"", ""dalStatus"": ""None"", ""dalProvisional"": false}, {""id"": 7476, ""sessionName"": ""Race"", ""sessionType"": ""Race"", ""sessionNumber"": 2, ""sessionStartDate"": ""2026-06-07T09:35:00+02:00"", ""sessionEndDate"": ""2026-06-07T10:40:00+02:00"", ""dalStatus"": ""None"", ""dalProvisional"": false}, {""id"": 7477, ""sessionName"": ""Practice"", ""sessionType"": ""Practice"", ""sessionNumber"": 0, ""sessionStartDate"": ""2026-06-04T13:25:00+02:00"", ""sessionEndDate"": ""2026-06-04T14:10:00+02:00"", ""dalStatus"": ""None"", ""dalProvisional"": false}, {""id"": 7478, ""sessionName"": ""Qualifying"", ""sessionType"": ""Qualifying"", ""sessionNumber"": 0, ""sessionStartDate"": ""2026-06-05T11:05:00+02:00"", ""sessionEndDate"": ""2026-06-05T11:21:00+02:00"", ""dalStatus"": ""None"", ""dalProvisional"": false}, {""id"": 7479, ""sessionName"": ""Race"", ""sessionType"": ""Race"", ""sessionNumber"": 1, ""sessionStartDate"": ""2026-06-06T10:45:00+02:00"", ""sessionEndDate"": ""2026-06-06T11:30:00+02:00"", ""dalStatus"": ""None"", ""dalProvisional"": false}, {""id"": 7480, ""sessionName"": ""Race"", ""sessionType"": ""Race"", ""sessionNumber"": 2, ""sessionStartDate"": ""2026-06-07T07:55:00+02:00"", ""sessionEndDate"": ""2026-06-07T08:45:00+02:00"", ""dalStatus"": ""None"", ""dalProvisional"": false}, {""id"": 7481, ""sessionName"": ""Practice"", ""sessionType"": ""Practice"", ""sessionNumber"": 0, ""sessionStartDate"": ""2026-06-04T16:30:00+02:00"", ""sessionEndDate"": ""2026-06-04T17:15:00+02:00"", ""dalStatus"": ""None"", ""dalProvisional"": false}, {""id"": 7482, ""sessionName"": ""Qualifying"", ""sessionType"": ""Qualifying"", ""sessionNumber"": 0, ""sessionStartDate"": ""2026-06-05T18:45:00+02:00"", ""sessionEndDate"": ""2026-06-05T19:15:00+02:00"", ""dalStatus"": ""None"", ""dalProvisional"": false}, {""id"": 7483, ""sessionName"": ""Race"", ""sessionType"": ""Race"", ""sessionNumber"": 0, ""sessionStartDate"": ""2026-06-07T11:55:00+02:00"", ""sessionEndDate"": ""2026-06-07T12:30:00+02:00"", ""dalStatus"": ""None"", ""dalProvisional"": false}, {""id"": 7484, ""sessionName"": ""Qualifying"", ""sessionType"": ""Qualifying"", ""sessionNumber"": 0, ""sessionStartDate"": ""2026-06-05T15:34:00+02:00"", ""sessionEndDate"": ""2026-06-05T15:50:00+02:00"", ""dalStatus"": ""None"", ""dalProvisional"": false}, {""id"": 7485, ""sessionName"": ""Qualifying"", ""sessionType"": ""Qualifying"", ""sessionNumber"": 0, ""sessionStartDate"": ""2026-06-05T11:29:00+02:00"", ""sessionEndDate"": ""2026-06-05T11:45:00+02:00"", ""dalStatus"": ""None"", ""dalProvisional"": false}]",2026-03-19T11:36:14.096Z,,,,2026-06-05T13:30:00+02:00,2026-06-05T17:00:00+02:00,2026-06-06T12:30:00+02:00,2026-06-05T11:29:00+02:00,2026-06-07T11:55:00+02:00,2026-06-04T16:30:00+02:00,,
1168,2026,7,Barcelona Grand Prix,FORMULA 1 MSC CRUISES GRAN PREMIO DE BARCELONA-CATALUNYA 2026,F1202607,2026-06-12,2026-06-14,Barcelona,MSC CRUISES,False,11,7,66,307.236,False,None,1287,3,Catalunya,Circuit de Barcelona-Catalunya,Barcelona,Permanent,4.657,Clockwise,1:15.743,Oscar Piastri,2025,2,Spain,ESP,ESP,5,"[{""id"": 7345, ""sessionName"": ""Practice 1"", ""sessionType"": ""Practice"", ""sessionNumber"": 1, ""sessionStartDate"": ""2026-06-12T13:30:00+02:00"", ""sessionEndDate"": ""2026-06-12T14:30:00+02:00"", ""dalStatus"": ""None"", ""dalProvisional"": false}, {""id"": 7346, ""sessionName"": ""Practice 2"", ""sessionType"": ""Practice"", ""sessionNumber"": 2, ""sessionStartDate"": ""2026-06-12T17:00:00+02:00"", ""sessionEndDate"": ""2026-06-12T18:00:00+02:00"", ""dalStatus"": ""None"", ""dalProvisional"": false}, {""id"": 7347, ""sessionName"": ""Practice 3"", ""sessionType"": ""Practice"", ""sessionNumber"": 3, ""sessionStartDate"": ""2026-06-13T12:30:00+02:00"", ""sessionEndDate"": ""2026-06-13T13:30:00+02:00"", ""dalStatus"": ""None"", ""dalProvisional"": false}, {""id"": 7348, ""sessionName"": ""Qualifying"", ""sessionType"": ""Qualifying"", ""sessionNumber"": 0, ""sessionStartDate"": ""2026-06-13T16:00:00+02:00"", ""sessionEndDate"": ""2026-06-13T17:00:00+02:00"", ""dalStatus"": ""None"", ""dalProvisional"": false}, {""id"": 7349, ""sessionName"": ""Race"", ""sessionType"": ""Race"", ""sessionNumber"": 0, ""sessionStartDate"": ""2026-06-14T15:00:00+02:00"", ""sessionEndDate"": ""2026-06-14T17:00:00+02:00"", ""dalStatus"": ""None"", ""dalProvisional"": false}]",2026-03-19T11:29:17.715Z,,,,2026-06-12T13:30:00+02:00,2026-06-12T17:00:00+02:00,2026-06-13T12:30:00+02:00,2026-06-13T16:00:00+02:00,2026-06-14T15:00:00+02:00,,,
1169,2026,8,Austrian Grand Prix,FORMULA 1 LENOVO AUSTRIAN GRAND PRIX 2026,F1202608,2026-06-26,2026-06-28,Spielberg,LENOVO,False,12,8,71,307.018,False,None,1288,43,Spielberg,Red Bull Ring,Spielberg,Permanent,4.326,Clockwise,1:07.924,Oscar Piastri,2025,18,Austria,AUT,AUT,5,"[{""id"": 7350, ""sessionName"": ""Practice 1"", ""sessionType"": ""Practice"", ""sessionNumber"": 1, ""sessionStartDate"": ""2026-06-26T13:30:00+02:00"", ""sessionEndDate"": ""2026-06-26T14:30:00+02:00"", ""dalStatus"": ""None"", ""dalProvisional"": false}, {""id"": 7351, ""sessionName"": ""Practice 2"", ""sessionType"": ""Practice"", ""sessionNumber"": 2, ""sessionStartDate"": ""2026-06-26T17:00:00+02:00"", ""sessionEndDate"": ""2026-06-26T18:00:00+02:00"", ""dalStatus"": ""None"", ""dalProvisional"": false}, {""id"": 7352, ""sessionName"": ""Practice 3"", ""sessionType"": ""Practice"", ""sessionNumber"": 3, ""sessionStartDate"": ""2026-06-27T12:30:00+02:00"", ""sessionEndDate"": ""2026-06-27T13:30:00+02:00"", ""dalStatus"": ""None"", ""dalProvisional"": false}, {""id"": 7353, ""sessionName"": ""Qualifying"", ""sessionType"": ""Qualifying"", ""sessionNumber"": 0, ""sessionStartDate"": ""2026-06-27T16:00:00+02:00"", ""sessionEndDate"": ""2026-06-27T17:00:00+02:00"", ""dalStatus"": ""None"", ""dalProvisional"": false}, {""id"": 7354, ""sessionName"": ""Race"", ""sessionType"": ""Race"", ""sessionNumber"": 0, ""sessionStartDate"": ""2026-06-28T15:00:00+02:00"", ""sessionEndDate"": ""2026-06-28T17:00:00+02:00"", ""dalStatus"": ""None"", ""dalProvisional"": false}]",2026-03-19T11:33:07.949Z,,,,2026-06-26T13:30:00+02:00,2026-06-26T17:00:00+02:00,2026-06-27T12:30:00+02:00,2026-06-27T16:00:00+02:00,2026-06-28T15:00:00+02:00,,,
1170,2026,9,British Grand Prix,FORMULA 1 PIRELLI BRITISH GRAND PRIX 2026,F1202609,2026-07-03,2026-07-05,Silverstone,Pirelli,False,13,9,52,306.198,False,None,1289,8,Silverstone,Silverstone Circuit,Milton Keynes,Permanent,5.891,Clockwise,1:27.097,Max Verstappen,2020,3,United Kingdom,GBR,GBR,5,"[{""id"": 7331, ""sessionName"": ""Practice 1"", ""sessionType"": ""Practice"", ""sessionNumber"": 1, ""sessionStartDate"": ""2026-07-03T12:30:00+01:00"", ""sessionEndDate"": ""2026-07-03T13:30:00+01:00"", ""dalStatus"": ""None"", ""dalProvisional"": false}, {""id"": 7355, ""sessionName"": ""Sprint Qualifying"", ""sessionType"": ""Sprint Shootout"", ""sessionNumber"": 0, ""sessionStartDate"": ""2026-07-03T16:30:00+01:00"", ""sessionEndDate"": ""2026-07-03T17:14:00+01:00"", ""dalStatus"": ""None"", ""dalProvisional"": false}, {""id"": 7356, ""sessionName"": ""Sprint"", ""sessionType"": ""Sprint Qualifying"", ""sessionNumber"": 0, ""sessionStartDate"": ""2026-07-04T12:00:00+01:00"", ""sessionEndDate"": ""2026-07-04T13:00:00+01:00"", ""dalStatus"": ""None"", ""dalProvisional"": false}, {""id"": 7357, ""sessionName"": ""Qualifying"", ""sessionType"": ""Qualifying"", ""sessionNumber"": 0, ""sessionStartDate"": ""2026-07-04T16:00:00+01:00"", ""sessionEndDate"": ""2026-07-04T17:00:00+01:00"", ""dalStatus"": ""None"", ""dalProvisional"": false}, {""id"": 7358, ""sessionName"": ""Race"", ""sessionType"": ""Race"", ""sessionNumber"": 0, ""sessionStartDate"": ""2026-07-05T15:00:00+01:00"", ""sessionEndDate"": ""2026-07-05T17:00:00+01:00"", ""dalStatus"": ""None"", ""dalProvisional"": false}]",2026-03-19T11:33:49.613Z,,,,2026-07-03T12:30:00+01:00,,,2026-07-04T16:00:00+01:00,2026-07-05T15:00:00+01:00,,2026-07-03T16:30:00+01:00,2026-07-04T12:00:00+01:00
1171,2026,10,Belgian Grand Prix,FORMULA 1 MOËT & CHANDON BELGIAN GRAND PRIX 2026,F1202610,2026-07-17,2026-07-19,Spa-Francorchamps,MOËT & CHANDON,False,14,10,44,308.052,False,None,1290,40,Spa-Francorchamps,Circuit de Spa-Francorchamps,Spa,Temporary - Road,7.004,Clockwise,1:44.701,Sergio Perez,2024,17,Belgium,BEL,BEL,5,"[{""id"": 7359, ""sessionName"": ""Practice 1"", ""sessionType"": ""Practice"", ""sessionNumber"": 1, ""sessionStartDate"": ""2026-07-17T13:30:00+02:00"", ""sessionEndDate"": ""2026-07-17T14:30:00+02:00"", ""dalStatus"": ""None"", ""dalProvisional"": false}, {""id"": 7360, ""sessionName"": ""Practice 2"", ""sessionType"": ""Practice"", ""sessionNumber"": 2, ""sessionStartDate"": ""2026-07-17T17:00:00+02:00"", ""sessionEndDate"": ""2026-07-17T18:00:00+02:00"", ""dalStatus"": ""None"", ""dalProvisional"": false}, {""id"": 7361, ""sessionName"": ""Practice 3"", ""sessionType"": ""Practice"", ""sessionNumber"": 3, ""sessionStartDate"": ""2026-07-18T12:30:00+02:00"", ""sessionEndDate"": ""2026-07-18T13:30:00+02:00"", ""dalStatus"": ""None"", ""dalProvisional"": false}, {""id"": 7362, ""sessionName"": ""Qualifying"", ""sessionType"": ""Qualifying"", ""sessionNumber"": 0, ""sessionStartDate"": ""2026-07-18T16:00:00+02:00"", ""sessionEndDate"": ""2026-07-18T17:00:00+02:00"", ""dalStatus"": ""None"", ""dalProvisional"": false}, {""id"": 7363, ""sessionName"": ""Race"", ""sessionType"": ""Race"", ""sessionNumber"": 0, ""sessionStartDate"": ""2026-07-19T15:00:00+02:00"", ""sessionEndDate"": ""2026-07-19T17:00:00+02:00"", ""dalStatus"": ""None"", ""dalProvisional"": false}]",2026-03-19T11:34:42.918Z,,,,2026-07-17T13:30:00+02:00,2026-07-17T17:00:00+02:00,2026-07-18T12:30:00+02:00,2026-07-18T16:00:00+02:00,2026-07-19T15:00:00+02:00,,,
1172,2026,11,Hungarian Grand Prix,FORMULA 1 AWS HUNGARIAN GRAND PRIX 2026,F1202611,2026-07-24,2026-07-26,Budapest,AWS,False,15,11,70,306.63,False,None,1291,37,Hungaroring,Hungaroring,Budapest,Permanent,4.381,Clockwise,1:16.627,Lewis Hamilton,2020,15,Hungary,HUN,HUN,5,"[{""id"": 7365, ""sessionName"": ""Practice 1"", ""sessionType"": ""Practice"", ""sessionNumber"": 1, ""sessionStartDate"": ""2026-07-24T13:30:00+02:00"", ""sessionEndDate"": ""2026-07-24T14:30:00+02:00"", ""dalStatus"": ""None"", ""dalProvisional"": false}, {""id"": 7366, ""sessionName"": ""Practice 2"", ""sessionType"": ""Practice"", ""sessionNumber"": 2, ""sessionStartDate"": ""2026-07-24T17:00:00+02:00"", ""sessionEndDate"": ""2026-07-24T18:00:00+02:00"", ""dalStatus"": ""None"", ""dalProvisional"": false}, {""id"": 7367, ""sessionName"": ""Practice 3"", ""sessionType"": ""Practice"", ""sessionNumber"": 3, ""sessionStartDate"": ""2026-07-25T12:30:00+02:00"", ""sessionEndDate"": ""2026-07-25T13:30:00+02:00"", ""dalStatus"": ""None"", ""dalProvisional"": false}, {""id"": 7368, ""sessionName"": ""Qualifying"", ""sessionType"": ""Qualifying"", ""sessionNumber"": 0, ""sessionStartDate"": ""2026-07-25T16:00:00+02:00"", ""sessionEndDate"": ""2026-07-25T17:00:00+02:00"", ""dalStatus"": ""None"", ""dalProvisional"": false}, {""id"": 7369, ""sessionName"": ""Race"", ""sessionType"": ""Race"", ""sessionNumber"": 0, ""sessionStartDate"": ""2026-07-26T15:00:00+02:00"", ""sessionEndDate"": ""2026-07-26T17:00:00+02:00"", ""dalStatus"": ""None"", ""dalProvisional"": false}]",2026-03-19T11:34:53.131Z,,,,2026-07-24T13:30:00+02:00,2026-07-24T17:00:00+02:00,2026-07-25T12:30:00+02:00,2026-07-25T16:00:00+02:00,2026-07-26T15:00:00+02:00,,,
1173,2026,12,Dutch Grand Prix,FORMULA 1 HEINEKEN DUTCH GRAND PRIX 2026,F1202612,2026-08-21,2026-08-23,Zandvoort,HEINEKEN,False,16,12,72,306.587,False,None,1292,73,Zandvoort,Circuit Zandvoort,Zandvoort,Permanent,4.259,Clockwise,1:11.097,Lewis Hamilton,2021,134,Netherlands,NLD,NED,5,"[{""id"": 7370, ""sessionName"": ""Practice 1"", ""sessionType"": ""Practice"", ""sessionNumber"": 1, ""sessionStartDate"": ""2026-08-21T12:30:00+02:00"", ""sessionEndDate"": ""2026-08-21T13:30:00+02:00"", ""dalStatus"": ""None"", ""dalProvisional"": false}, {""id"": 7371, ""sessionName"": ""Sprint Qualifying"", ""sessionType"": ""Sprint Shootout"", ""sessionNumber"": 0, ""sessionStartDate"": ""2026-08-21T16:30:00+02:00"", ""sessionEndDate"": ""2026-08-21T17:14:00+02:00"", ""dalStatus"": ""None"", ""dalProvisional"": false}, {""id"": 7372, ""sessionName"": ""Sprint"", ""sessionType"": ""Sprint Qualifying"", ""sessionNumber"": 0, ""sessionStartDate"": ""2026-08-22T12:00:00+02:00"", ""sessionEndDate"": ""2026-08-22T13:00:00+02:00"", ""dalStatus"": ""None"", ""dalProvisional"": false}, {""id"": 7373, ""sessionName"": ""Qualifying"", ""sessionType"": ""Qualifying"", ""sessionNumber"": 0, ""sessionStartDate"": ""2026-08-22T16:00:00+02:00"", ""sessionEndDate"": ""2026-08-22T17:00:00+02:00"", ""dalStatus"": ""None"", ""dalProvisional"": false}, {""id"": 7374, ""sessionName"": ""Race"", ""sessionType"": ""Race"", ""sessionNumber"": 0, ""sessionStartDate"": ""2026-08-23T15:00:00+02:00"", ""sessionEndDate"": ""2026-08-23T17:00:00+02:00"", ""dalStatus"": ""None"", ""dalProvisional"": false}]",2026-03-19T11:34:27.143Z,,,,2026-08-21T12:30:00+02:00,,,2026-08-22T16:00:00+02:00,2026-08-23T15:00:00+02:00,,2026-08-21T16:30:00+02:00,2026-08-22T12:00:00+02:00
1174,2026,13,Italian Grand Prix,FORMULA 1 PIRELLI GRAN PREMIO D’ITALIA 2026,F1202613,2026-09-04,2026-09-06,Monza,Pirelli,False,17,13,53,306.72,False,None,1293,34,Monza,Autodromo Nazionale Monza,Monza,Permanent,5.793,Clockwise,1:20.901,Lando Norris,2025,14,Italy,ITA,ITA,5,"[{""id"": 7375, ""sessionName"": ""Practice 1"", ""sessionType"": ""Practice"", ""sessionNumber"": 1, ""sessionStartDate"": ""2026-09-04T12:30:00+02:00"", ""sessionEndDate"": ""2026-09-04T13:30:00+02:00"", ""dalStatus"": ""None"", ""dalProvisional"": false}, {""id"": 7376, ""sessionName"": ""Practice 2"", ""sessionType"": ""Practice"", ""sessionNumber"": 2, ""sessionStartDate"": ""2026-09-04T16:00:00+02:00"", ""sessionEndDate"": ""2026-09-04T17:00:00+02:00"", ""dalStatus"": ""None"", ""dalProvisional"": false}, {""id"": 7377, ""sessionName"": ""Practice 3"", ""sessionType"": ""Practice"", ""sessionNumber"": 3, ""sessionStartDate"": ""2026-09-05T12:30:00+02:00"", ""sessionEndDate"": ""2026-09-05T13:30:00+02:00"", ""dalStatus"": ""None"", ""dalProvisional"": false}, {""id"": 7378, ""sessionName"": ""Qualifying"", ""sessionType"": ""Qualifying"", ""sessionNumber"": 0, ""sessionStartDate"": ""2026-09-05T16:00:00+02:00"", ""sessionEndDate"": ""2026-09-05T17:00:00+02:00"", ""dalStatus"": ""None"", ""dalProvisional"": false}, {""id"": 7379, ""sessionName"": ""Race"", ""sessionType"": ""Race"", ""sessionNumber"": 0, ""sessionStartDate"": ""2026-09-06T15:00:00+02:00"", ""sessionEndDate"": ""2026-09-06T17:00:00+02:00"", ""dalStatus"": ""None"", ""dalProvisional"": false}]",2026-03-19T11:34:02.990Z,,,,2026-09-04T12:30:00+02:00,2026-09-04T16:00:00+02:00,2026-09-05T12:30:00+02:00,2026-09-05T16:00:00+02:00,2026-09-06T15:00:00+02:00,,,
1175,2026,14,Spanish Grand Prix,FORMULA 1 TAG HEUER GRAN PREMIO DE ESPAÑA 2026,F1202614,2026-09-11,2026-09-13,Madrid,TAG HEUER,False,18,14,57,308.524,False,None,1294,84,Madring,Madring,Madrid,Temporary - Street,5.416,Clockwise,,,,2,Spain,ESP,ESP,5,"[{""id"": 7380, ""sessionName"": ""Practice 1"", ""sessionType"": ""Practice"", ""sessionNumber"": 1, ""sessionStartDate"": ""2026-09-11T13:30:00+02:00"", ""sessionEndDate"": ""2026-09-11T14:30:00+02:00"", ""dalStatus"": ""None"", ""dalProvisional"": false}, {""id"": 7381, ""sessionName"": ""Practice 2"", ""sessionType"": ""Practice"", ""sessionNumber"": 2, ""sessionStartDate"": ""2026-09-11T17:00:00+02:00"", ""sessionEndDate"": ""2026-09-11T18:00:00+02:00"", ""dalStatus"": ""None"", ""dalProvisional"": false}, {""id"": 7382, ""sessionName"": ""Practice 3"", ""sessionType"": ""Practice"", ""sessionNumber"": 3, ""sessionStartDate"": ""2026-09-12T12:30:00+02:00"", ""sessionEndDate"": ""2026-09-12T13:30:00+02:00"", ""dalStatus"": ""None"", ""dalProvisional"": false}, {""id"": 7383, ""sessionName"": ""Qualifying"", ""sessionType"": ""Qualifying"", ""sessionNumber"": 0, ""sessionStartDate"": ""2026-09-12T16:00:00+02:00"", ""sessionEndDate"": ""2026-09-12T17:00:00+02:00"", ""dalStatus"": ""None"", ""dalProvisional"": false}, {""id"": 7384, ""sessionName"": ""Race"", ""sessionType"": ""Race"", ""sessionNumber"": 0, ""sessionStartDate"": ""2026-09-13T15:00:00+02:00"", ""sessionEndDate"": ""2026-09-13T17:00:00+02:00"", ""dalStatus"": ""None"", ""dalProvisional"": false}]",2026-03-19T11:35:07.268Z,,,,2026-09-11T13:30:00+02:00,2026-09-11T17:00:00+02:00,2026-09-12T12:30:00+02:00,2026-09-12T16:00:00+02:00,2026-09-13T15:00:00+02:00,,,
1176,2026,15,Azerbaijan Grand Prix,FORMULA 1 QATAR AIRWAYS AZERBAIJAN GRAND PRIX 2026,F1202615,2026-09-24,2026-09-26,Baku,QATAR AIRWAYS,False,19,15,51,306.049,False,None,1295,61,Baku,Baku City Circuit,Baku,Temporary - Street,6.003,Anti-Clockwise,1:43.009,Charles Leclerc,2019,31,Azerbaijan,AZE,AZE,5,"[{""id"": 7385, ""sessionName"": ""Practice 1"", ""sessionType"": ""Practice"", ""sessionNumber"": 1, ""sessionStartDate"": ""2026-09-24T12:30:00+04:00"", ""sessionEndDate"": ""2026-09-24T13:30:00+04:00"", ""dalStatus"": ""None"", ""dalProvisional"": false}, {""id"": 7386, ""sessionName"": ""Practice 2"", ""sessionType"": ""Practice"", ""sessionNumber"": 2, ""sessionStartDate"": ""2026-09-24T16:00:00+04:00"", ""sessionEndDate"": ""2026-09-24T17:00:00+04:00"", ""dalStatus"": ""None"", ""dalProvisional"": false}, {""id"": 7387, ""sessionName"": ""Practice 3"", ""sessionType"": ""Practice"", ""sessionNumber"": 3, ""sessionStartDate"": ""2026-09-25T12:30:00+04:00"", ""sessionEndDate"": ""2026-09-25T13:30:00+04:00"", ""dalStatus"": ""None"", ""dalProvisional"": false}, {""id"": 7388, ""sessionName"": ""Qualifying"", ""sessionType"": ""Qualifying"", ""sessionNumber"": 0, ""sessionStartDate"": ""2026-09-25T16:00:00+04:00"", ""sessionEndDate"": ""2026-09-25T17:00:00+04:00"", ""dalStatus"": ""None"", ""dalProvisional"": false}, {""id"": 7389, ""sessionName"": ""Race"", ""sessionType"": ""Race"", ""sessionNumber"": 0, ""sessionStartDate"": ""2026-09-26T15:00:00+04:00"", ""sessionEndDate"": ""2026-09-26T17:00:00+04:00"", ""dalStatus"": ""None"", ""dalProvisional"": false}]",2026-03-19T11:35:43.933Z,,,,2026-09-24T12:30:00+04:00,2026-09-24T16:00:00+04:00,2026-09-25T12:30:00+04:00,2026-09-25T16:00:00+04:00,2026-09-26T15:00:00+04:00,,,
1177,2026,16,Singapore Grand Prix,FORMULA 1 SINGAPORE AIRLINES SINGAPORE GRAND PRIX 2026,F1202616,2026-10-09,2026-10-11,Marina Bay,SINGAPORE AIRLINES,False,20,16,62,305.337,False,None,1296,80,Singapore,Marina Bay Street Circuit,Singapore,Temporary - Street,4.927,Anti-Clockwise,1:33.808,Lewis Hamilton,2025,158,Singapore,SGP,SGP,5,"[{""id"": 7364, ""sessionName"": ""Sprint"", ""sessionType"": ""Sprint Qualifying"", ""sessionNumber"": 0, ""sessionStartDate"": ""2026-10-10T17:00:00+08:00"", ""sessionEndDate"": ""2026-10-10T18:00:00+08:00"", ""dalStatus"": ""None"", ""dalProvisional"": false}, {""id"": 7390, ""sessionName"": ""Practice 1"", ""sessionType"": ""Practice"", ""sessionNumber"": 1, ""sessionStartDate"": ""2026-10-09T16:30:00+08:00"", ""sessionEndDate"": ""2026-10-09T17:30:00+08:00"", ""dalStatus"": ""None"", ""dalProvisional"": false}, {""id"": 7391, ""sessionName"": ""Sprint Qualifying"", ""sessionType"": ""Sprint Shootout"", ""sessionNumber"": 0, ""sessionStartDate"": ""2026-10-09T20:30:00+08:00"", ""sessionEndDate"": ""2026-10-09T21:14:00+08:00"", ""dalStatus"": ""None"", ""dalProvisional"": false}, {""id"": 7392, ""sessionName"": ""Qualifying"", ""sessionType"": ""Qualifying"", ""sessionNumber"": 0, ""sessionStartDate"": ""2026-10-10T21:00:00+08:00"", ""sessionEndDate"": ""2026-10-10T22:00:00+08:00"", ""dalStatus"": ""None"", ""dalProvisional"": false}, {""id"": 7393, ""sessionName"": ""Race"", ""sessionType"": ""Race"", ""sessionNumber"": 0, ""sessionStartDate"": ""2026-10-11T20:00:00+08:00"", ""sessionEndDate"": ""2026-10-11T22:00:00+08:00"", ""dalStatus"": ""None"", ""dalProvisional"": false}]",2026-03-19T11:34:35.541Z,,,,2026-10-09T16:30:00+08:00,,,2026-10-10T21:00:00+08:00,2026-10-11T20:00:00+08:00,,2026-10-09T20:30:00+08:00,2026-10-10T17:00:00+08:00
1178,2026,17,United States Grand Prix,FORMULA 1 MSC CRUISES UNITED STATES GRAND PRIX 2026,F1202617,2026-10-23,2026-10-25,Austin,MSC CRUISES,False,21,17,56,308.405,False,None,1297,47,Austin,Circuit of The Americas,Austin,Permanent,5.513,Anti-Clockwise,1:36.169,Charles Leclerc,2019,20,United States,USA,USA,5,"[{""id"": 7394, ""sessionName"": ""Practice 1"", ""sessionType"": ""Practice"", ""sessionNumber"": 1, ""sessionStartDate"": ""2026-10-23T12:30:00-05:00"", ""sessionEndDate"": ""2026-10-23T13:30:00-05:00"", ""dalStatus"": ""None"", ""dalProvisional"": false}, {""id"": 7395, ""sessionName"": ""Practice 2"", ""sessionType"": ""Practice"", ""sessionNumber"": 2, ""sessionStartDate"": ""2026-10-23T16:00:00-05:00"", ""sessionEndDate"": ""2026-10-23T17:00:00-05:00"", ""dalStatus"": ""None"", ""dalProvisional"": false}, {""id"": 7396, ""sessionName"": ""Practice 3"", ""sessionType"": ""Practice"", ""sessionNumber"": 3, ""sessionStartDate"": ""2026-10-24T12:30:00-05:00"", ""sessionEndDate"": ""2026-10-24T13:30:00-05:00"", ""dalStatus"": ""None"", ""dalProvisional"": false}, {""id"": 7398, ""sessionName"": ""Qualifying"", ""sessionType"": ""Qualifying"", ""sessionNumber"": 0, ""sessionStartDate"": ""2026-10-24T16:00:00-05:00"", ""sessionEndDate"": ""2026-10-24T17:00:00-05:00"", ""dalStatus"": ""None"", ""dalProvisional"": false}, {""id"": 7399, ""sessionName"": ""Race"", ""sessionType"": ""Race"", ""sessionNumber"": 0, ""sessionStartDate"": ""2026-10-25T15:00:00-05:00"", ""sessionEndDate"": ""2026-10-25T17:00:00-05:00"", ""dalStatus"": ""None"", ""dalProvisional"": false}]",2026-03-19T11:35:54.294Z,,,,2026-10-23T12:30:00-05:00,2026-10-23T16:00:00-05:00,2026-10-24T12:30:00-05:00,2026-10-24T16:00:00-05:00,2026-10-25T15:00:00-05:00,,,
1179,2026,18,Mexico City Grand Prix,FORMULA 1 GRAN PREMIO DE LA CIUDAD DE MÉXICO 2026,F1202618,2026-10-30,2026-11-01,Mexico City,,False,22,18,71,305.354,False,None,1298,28,Mexico City,Autódromo Hermanos Rodríguez,Mexico City,Permanent,4.304,Clockwise,1:17.774,Valtteri Bottas,2021,9,Mexico,MEX,MEX,5,"[{""id"": 7400, ""sessionName"": ""Practice 1"", ""sessionType"": ""Practice"", ""sessionNumber"": 1, ""sessionStartDate"": ""2026-10-30T12:30:00-06:00"", ""sessionEndDate"": ""2026-10-30T13:30:00-06:00"", ""dalStatus"": ""None"", ""dalProvisional"": false}, {""id"": 7401, ""sessionName"": ""Practice 2"", ""sessionType"": ""Practice"", ""sessionNumber"": 2, ""sessionStartDate"": ""2026-10-30T16:00:00-06:00"", ""sessionEndDate"": ""2026-10-30T17:00:00-06:00"", ""dalStatus"": ""None"", ""dalProvisional"": false}, {""id"": 7402, ""sessionName"": ""Practice 3"", ""sessionType"": ""Practice"", ""sessionNumber"": 3, ""sessionStartDate"": ""2026-10-31T11:30:00-06:00"", ""sessionEndDate"": ""2026-10-31T12:30:00-06:00"", ""dalStatus"": ""None"", ""dalProvisional"": false}, {""id"": 7403, ""sessionName"": ""Qualifying"", ""sessionType"": ""Qualifying"", ""sessionNumber"": 0, ""sessionStartDate"": ""2026-10-31T15:00:00-06:00"", ""sessionEndDate"": ""2026-10-31T16:00:00-06:00"", ""dalStatus"": ""None"", ""dalProvisional"": false}, {""id"": 7404, ""sessionName"": ""Race"", ""sessionType"": ""Race"", ""sessionNumber"": 0, ""sessionStartDate"": ""2026-11-01T14:00:00-06:00"", ""sessionEndDate"": ""2026-11-01T16:00:00-06:00"", ""dalStatus"": ""None"", ""dalProvisional"": false}]",2026-03-19T11:36:03.240Z,,,,2026-10-30T12:30:00-06:00,2026-10-30T16:00:00-06:00,2026-10-31T11:30:00-06:00,2026-10-31T15:00:00-06:00,2026-11-01T14:00:00-06:00,,,
1180,2026,19,São Paulo Grand Prix,FORMULA 1 MSC CRUISES GRANDE PRÊMIO DE SÃO PAULO 2026,F1202619,2026-11-06,2026-11-08,São Paulo,MSC CRUISES,False,23,19,71,305.879,False,None,1299,30,Interlagos,Autódromo José Carlos Pace,São Paulo,Permanent,4.309,Anti-Clockwise,1:10.540,Valtteri Bottas,2018,11,Brazil,BRA,BRA,5,"[{""id"": 7405, ""sessionName"": ""Practice 1"", ""sessionType"": ""Practice"", ""sessionNumber"": 1, ""sessionStartDate"": ""2026-11-06T12:30:00-03:00"", ""sessionEndDate"": ""2026-11-06T13:30:00-03:00"", ""dalStatus"": ""None"", ""dalProvisional"": false}, {""id"": 7406, ""sessionName"": ""Practice 2"", ""sessionType"": ""Practice"", ""sessionNumber"": 2, ""sessionStartDate"": ""2026-11-06T16:00:00-03:00"", ""sessionEndDate"": ""2026-11-06T17:00:00-03:00"", ""dalStatus"": ""None"", ""dalProvisional"": false}, {""id"": 7407, ""sessionName"": ""Practice 3"", ""sessionType"": ""Practice"", ""sessionNumber"": 3, ""sessionStartDate"": ""2026-11-07T11:30:00-03:00"", ""sessionEndDate"": ""2026-11-07T12:30:00-03:00"", ""dalStatus"": ""None"", ""dalProvisional"": false}, {""id"": 7408, ""sessionName"": ""Qualifying"", ""sessionType"": ""Qualifying"", ""sessionNumber"": 0, ""sessionStartDate"": ""2026-11-07T15:00:00-03:00"", ""sessionEndDate"": ""2026-11-07T16:00:00-03:00"", ""dalStatus"": ""None"", ""dalProvisional"": false}, {""id"": 7409, ""sessionName"": ""Race"", ""sessionType"": ""Race"", ""sessionNumber"": 0, ""sessionStartDate"": ""2026-11-08T14:00:00-03:00"", ""sessionEndDate"": ""2026-11-08T16:00:00-03:00"", ""dalStatus"": ""None"", ""dalProvisional"": false}]",2026-03-19T11:34:59.401Z,,,,2026-11-06T12:30:00-03:00,2026-11-06T16:00:00-03:00,2026-11-07T11:30:00-03:00,2026-11-07T15:00:00-03:00,2026-11-08T14:00:00-03:00,,,
1181,2026,20,Las Vegas Grand Prix,FORMULA 1 HEINEKEN LAS VEGAS GRAND PRIX 2026,F1202620,2026-11-19,2026-11-21,Las Vegas,HEINEKEN,False,24,20,50,309.958,False,None,1300,58,Las Vegas,Las Vegas Strip Circuit,Las Vegas,Temporary - Street,6.201,Anti-Clockwise,1:33.365,Max Verstappen,2025,20,United States,USA,USA,5,"[{""id"": 7410, ""sessionName"": ""Practice 1"", ""sessionType"": ""Practice"", ""sessionNumber"": 1, ""sessionStartDate"": ""2026-11-19T16:30:00-08:00"", ""sessionEndDate"": ""2026-11-19T17:30:00-08:00"", ""dalStatus"": ""None"", ""dalProvisional"": false}, {""id"": 7411, ""sessionName"": ""Practice 2"", ""sessionType"": ""Practice"", ""sessionNumber"": 2, ""sessionStartDate"": ""2026-11-19T20:00:00-08:00"", ""sessionEndDate"": ""2026-11-19T21:00:00-08:00"", ""dalStatus"": ""None"", ""dalProvisional"": false}, {""id"": 7412, ""sessionName"": ""Practice 3"", ""sessionType"": ""Practice"", ""sessionNumber"": 3, ""sessionStartDate"": ""2026-11-20T16:30:00-08:00"", ""sessionEndDate"": ""2026-11-20T17:30:00-08:00"", ""dalStatus"": ""None"", ""dalProvisional"": false}, {""id"": 7413, ""sessionName"": ""Qualifying"", ""sessionType"": ""Qualifying"", ""sessionNumber"": 0, ""sessionStartDate"": ""2026-11-20T20:00:00-08:00"", ""sessionEndDate"": ""2026-11-20T21:00:00-08:00"", ""dalStatus"": ""None"", ""dalProvisional"": false}, {""id"": 7414, ""sessionName"": ""Race"", ""sessionType"": ""Race"", ""sessionNumber"": 0, ""sessionStartDate"": ""2026-11-21T20:00:00-08:00"", ""sessionEndDate"": ""2026-11-21T22:00:00-08:00"", ""dalStatus"": ""None"", ""dalProvisional"": false}]",2026-03-19T11:34:20.691Z,,,,2026-11-19T16:30:00-08:00,2026-11-19T20:00:00-08:00,2026-11-20T16:30:00-08:00,2026-11-20T20:00:00-08:00,2026-11-21T20:00:00-08:00,,,
1182,2026,21,Qatar Grand Prix,FORMULA 1 QATAR AIRWAYS QATAR GRAND PRIX 2026,F1202621,2026-11-27,2026-11-29,Lusail,QATAR AIRWAYS,False,25,21,57,308.611,False,None,1301,78,Lusail,Lusail International Circuit,Doha,Permanent,5.419,Clockwise,1:22.384,Lando Norris,2024,150,Qatar,QAT,QAT,5,"[{""id"": 7397, ""sessionName"": ""Practice 2"", ""sessionType"": ""Practice"", ""sessionNumber"": 2, ""sessionStartDate"": ""2026-11-27T20:00:00+03:00"", ""sessionEndDate"": ""2026-11-27T21:00:00+03:00"", ""dalStatus"": ""None"", ""dalProvisional"": false}, {""id"": 7415, ""sessionName"": ""Practice 1"", ""sessionType"": ""Practice"", ""sessionNumber"": 1, ""sessionStartDate"": ""2026-11-27T16:30:00+03:00"", ""sessionEndDate"": ""2026-11-27T17:30:00+03:00"", ""dalStatus"": ""None"", ""dalProvisional"": false}, {""id"": 7416, ""sessionName"": ""Practice 3"", ""sessionType"": ""Practice"", ""sessionNumber"": 3, ""sessionStartDate"": ""2026-11-28T17:30:00+03:00"", ""sessionEndDate"": ""2026-11-28T18:30:00+03:00"", ""dalStatus"": ""None"", ""dalProvisional"": false}, {""id"": 7417, ""sessionName"": ""Qualifying"", ""sessionType"": ""Qualifying"", ""sessionNumber"": 0, ""sessionStartDate"": ""2026-11-28T21:00:00+03:00"", ""sessionEndDate"": ""2026-11-28T22:00:00+03:00"", ""dalStatus"": ""None"", ""dalProvisional"": false}, {""id"": 7418, ""sessionName"": ""Race"", ""sessionType"": ""Race"", ""sessionNumber"": 0, ""sessionStartDate"": ""2026-11-29T19:00:00+03:00"", ""sessionEndDate"": ""2026-11-29T21:00:00+03:00"", ""dalStatus"": ""None"", ""dalProvisional"": false}]",2026-03-19T11:33:20.915Z,,,,2026-11-27T16:30:00+03:00,2026-11-27T20:00:00+03:00,2026-11-28T17:30:00+03:00,2026-11-28T21:00:00+03:00,2026-11-29T19:00:00+03:00,,,
1183,2026,22,Abu Dhabi Grand Prix,FORMULA 1 ETIHAD AIRWAYS ABU DHABI GRAND PRIX 2026,F1202622,2026-12-04,2026-12-06,Yas Marina,ETIHAD AIRWAYS,False,26,22,58,306.183,False,None,1302,59,Yas Marina Circuit,Yas Marina Circuit,Yas Island,Permanent,5.281,Anti-Clockwise,1:25.637,Kevin Magnussen,2024,22,United Arab Emirates,ARE,UAE,5,"[{""id"": 7419, ""sessionName"": ""Practice 1"", ""sessionType"": ""Practice"", ""sessionNumber"": 1, ""sessionStartDate"": ""2026-12-04T13:30:00+04:00"", ""sessionEndDate"": ""2026-12-04T14:30:00+04:00"", ""dalStatus"": ""None"", ""dalProvisional"": false}, {""id"": 7420, ""sessionName"": ""Practice 2"", ""sessionType"": ""Practice"", ""sessionNumber"": 2, ""sessionStartDate"": ""2026-12-04T17:00:00+04:00"", ""sessionEndDate"": ""2026-12-04T18:00:00+04:00"", ""dalStatus"": ""None"", ""dalProvisional"": false}, {""id"": 7421, ""sessionName"": ""Practice 3"", ""sessionType"": ""Practice"", ""sessionNumber"": 3, ""sessionStartDate"": ""2026-12-05T14:30:00+04:00"", ""sessionEndDate"": ""2026-12-05T15:30:00+04:00"", ""dalStatus"": ""None"", ""dalProvisional"": false}, {""id"": 7422, ""sessionName"": ""Qualifying"", ""sessionType"": ""Qualifying"", ""sessionNumber"": 0, ""sessionStartDate"": ""2026-12-05T18:00:00+04:00"", ""sessionEndDate"": ""2026-12-05T19:00:00+04:00"", ""dalStatus"": ""None"", ""dalProvisional"": false}, {""id"": 7423, ""sessionName"": ""Race"", ""sessionType"": ""Race"", ""sessionNumber"": 0, ""sessionStartDate"": ""2026-12-06T17:00:00+04:00"", ""sessionEndDate"": ""2026-12-06T19:00:00+04:00"", ""dalStatus"": ""None"", ""dalProvisional"": false}]",2026-03-19T11:35:36.572Z,,,,2026-12-04T13:30:00+04:00,2026-12-04T17:00:00+04:00,2026-12-05T14:30:00+04:00,2026-12-05T18:00:00+04:00,2026-12-06T17:00:00+04:00,,,
